pai_version,fiscal_year,theme_number,theme_slug,indicator_id,mandatory,kind,indicator,numerator,denominator,source_url,retrieved_utc
PAI 1.0,2022-2023,1,t1_poverty_free_and_enhanced_livelihoods_panchayat,1,Mandatory,ratio,Percentage of households in poor category as per updated NFSA - Priority Households & AAY category,Number of households in the poor category as per the updated NFSA-Priority Households & Antyodaya Anna Yojana (AAY) category,Total Households,https://pai.gov.in/MMS/Indicator/Theme-Indicators.aspx?t=1&s=1,2026-09-06T06:50:29Z
PAI 1.0,2022-2023,1,t1_poverty_free_and_enhanced_livelihoods_panchayat,2,Mandatory,ratio,Percentage of households in poor category as per updated NFSA - AAY category,Number of households in the poor category as per the updated NFSA-Antyodaya Anna Yojana(AAY)category,Total Households,https://pai.gov.in/MMS/Indicator/Theme-Indicators.aspx?t=1&s=1,2026-09-06T06:50:29Z
PAI 1.0,2022-2023,1,t1_poverty_free_and_enhanced_livelihoods_panchayat,3,Mandatory,ratio,Percentage of active workers out of enrolled persons under Mahatma Gandhi National Rural Employment Guarantee Act (MGNREGA),Number of active Workers under MGNREGS under reference year,Total no. of workers registered under MGNREGS during the reference year,https://pai.gov.in/MMS/Indicator/Theme-Indicators.aspx?t=1&s=1,2026-09-06T06:50:29Z
PAI 1.0,2022-2023,1,t1_poverty_free_and_enhanced_livelihoods_panchayat,4,Mandatory,ratio,Percentages of Households benefited under MGNREGA out of total households,Number of households benefited under MGNREGS,Total Households,https://pai.gov.in/MMS/Indicator/Theme-Indicators.aspx?t=1&s=1,2026-09-06T06:50:29Z
PAI 1.0,2022-2023,1,t1_poverty_free_and_enhanced_livelihoods_panchayat,8,Optional,ratio,Percentage of persons in agriculture and allied sectors linked to Farmer Producers’ Organisation,number of persons in agriculture and allied sectors linked to Farmer Producers’ Organisation,number of persons in agriculture and allied sectors,https://pai.gov.in/MMS/Indicator/Theme-Indicators.aspx?t=1&s=1,2026-09-06T06:50:29Z
PAI 1.0,2022-2023,1,t1_poverty_free_and_enhanced_livelihoods_panchayat,10,Mandatory,ratio,Percentage of Cultivable Area,Total Cultivable Area,Total area of GP,https://pai.gov.in/MMS/Indicator/Theme-Indicators.aspx?t=1&s=1,2026-09-06T06:50:29Z
PAI 1.0,2022-2023,1,t1_poverty_free_and_enhanced_livelihoods_panchayat,13,Optional,ratio,Percentage of unemployed persons (21 – 45 years men and women) in the GP level,Number of unemployed persons (21 – 45 years men and women) in the GP level,Total GP population of 21-45 years,https://pai.gov.in/MMS/Indicator/Theme-Indicators.aspx?t=1&s=1,2026-09-06T06:50:29Z
PAI 1.0,2022-2023,1,t1_poverty_free_and_enhanced_livelihoods_panchayat,14,Optional,ratio,Whether GP has any Milk Collection Center,Quantity of milk collection from GP at collection centers,Total GP Population,https://pai.gov.in/MMS/Indicator/Theme-Indicators.aspx?t=1&s=1,2026-09-06T06:50:29Z
PAI 1.0,2022-2023,1,t1_poverty_free_and_enhanced_livelihoods_panchayat,19,Mandatory,ratio,Percentage of Households who got benefit from PMAY / any State Specific Housing Scheme,Number of Household(HH)s benefited from PMAY /any State Specific Housing Scheme,Total number of Eligible Household(HHs),https://pai.gov.in/MMS/Indicator/Theme-Indicators.aspx?t=1&s=1,2026-09-06T06:50:29Z
PAI 1.0,2022-2023,1,t1_poverty_free_and_enhanced_livelihoods_panchayat,20,Mandatory,ratio,Percentage of Households covered by a Health Scheme /Health Insurance of State or Central Government during the reference year,Number of households covered by a health scheme or health insurance under Aayushman Bharat Pradhan Mantri Jan Arogya Yojana or any State Govt Health Scheme/Health Insurance,Total Households,https://pai.gov.in/MMS/Indicator/Theme-Indicators.aspx?t=1&s=1,2026-09-06T06:50:29Z
PAI 1.0,2022-2023,1,t1_poverty_free_and_enhanced_livelihoods_panchayat,29,Mandatory,ratio,Percentage of eligible covered under Social Security Pension Scheme,Number of persons covered under Social Security Pension Scheme (SSPS),Total number of Eligible Persons for Social Security Protection Scheme(SSPS),https://pai.gov.in/MMS/Indicator/Theme-Indicators.aspx?t=1&s=1,2026-09-06T06:50:29Z
PAI 1.0,2022-2023,1,t1_poverty_free_and_enhanced_livelihoods_panchayat,32,Mandatory,binary,Whether the Gram Panchayat has the Disaster Management Plan,Whether the Panchayat has prepared the Disaster Management Plan,,https://pai.gov.in/MMS/Indicator/Theme-Indicators.aspx?t=1&s=1,2026-09-06T06:50:29Z
PAI 1.0,2022-2023,1,t1_poverty_free_and_enhanced_livelihoods_panchayat,33,Mandatory,ratio,Percentage of eligible Households having Priority Household (PHH) & Antyodaya Anna Yojana (AAY) ration cards,Number of households having Priority Household (PHH) & Antyodaya Anna Yojana(AAY) Ration Cards,Total number of Households in Priority Household (PHH) & Antyodaya Anna Yojana(AAY) category,https://pai.gov.in/MMS/Indicator/Theme-Indicators.aspx?t=1&s=1,2026-09-06T06:50:29Z
PAI 1.0,2022-2023,1,t1_poverty_free_and_enhanced_livelihoods_panchayat,34,Mandatory,ratio,Percentage of eligible Households having Antyodaya Anna Yojana (AAY) ration cards,Number of households having Antyodaya Anna Yojana(AAY) Ration Cards,Total number of Households in Antyodaya Anna Yojana (AAY) category,https://pai.gov.in/MMS/Indicator/Theme-Indicators.aspx?t=1&s=1,2026-09-06T06:50:29Z
PAI 1.0,2022-2023,1,t1_poverty_free_and_enhanced_livelihoods_panchayat,35,Mandatory,ratio,Percentage of households covered under PDS system,Number of households covered under PDS,Total Households,https://pai.gov.in/MMS/Indicator/Theme-Indicators.aspx?t=1&s=1,2026-09-06T06:50:29Z
PAI 1.0,2022-2023,1,t1_poverty_free_and_enhanced_livelihoods_panchayat,36,Mandatory,ratio,Percentage of Household with Water Tap connections,Number of Households with Water Tap connections,Total Households,https://pai.gov.in/MMS/Indicator/Theme-Indicators.aspx?t=1&s=1,2026-09-06T06:50:29Z
PAI 1.0,2022-2023,1,t1_poverty_free_and_enhanced_livelihoods_panchayat,47,Mandatory,ratio,Percentage of children aged under 5 years who are underweight,Total underweight Children under 5 Year,Number of children in age under 5 years,https://pai.gov.in/MMS/Indicator/Theme-Indicators.aspx?t=1&s=1,2026-09-06T06:50:29Z
PAI 1.0,2022-2023,1,t1_poverty_free_and_enhanced_livelihoods_panchayat,68,Mandatory,ratio,Percentage of children (0-3 years) registered under ICDS out of total eligible children (0-3 years),Total number of registered children (0-3 years) under ICDS,Total number of eligible children (0-3 years) under ICDS,https://pai.gov.in/MMS/Indicator/Theme-Indicators.aspx?t=1&s=1,2026-09-06T06:50:29Z
PAI 1.0,2022-2023,1,t1_poverty_free_and_enhanced_livelihoods_panchayat,69,Mandatory,ratio,Percentage of children (3-6 years) registered under ICDS out of total eligible children (3-6 years),Total number of registered children (3-6 years) under ICDS,Total number of eligible children (3-6 years) under ICDS,https://pai.gov.in/MMS/Indicator/Theme-Indicators.aspx?t=1&s=1,2026-09-06T06:50:29Z
PAI 1.0,2022-2023,1,t1_poverty_free_and_enhanced_livelihoods_panchayat,70,Mandatory,ratio,Percentage of Pregnant Women and lactating mothers registered under ICDS out of total eligible Pregnant Women and lactating mothers,Total number of registered Pregnant Women and Lactating Mothers under ICDS,Total number of eligible Pregnant Women and Lactating Mothers,https://pai.gov.in/MMS/Indicator/Theme-Indicators.aspx?t=1&s=1,2026-09-06T06:50:29Z
PAI 1.0,2022-2023,1,t1_poverty_free_and_enhanced_livelihoods_panchayat,75,Mandatory,ratio,Percentage of children under age 5 years who are wasted,Total wasted children under 5 Year,Number of children in age under 5 years,https://pai.gov.in/MMS/Indicator/Theme-Indicators.aspx?t=1&s=1,2026-09-06T06:50:29Z
PAI 1.0,2022-2023,1,t1_poverty_free_and_enhanced_livelihoods_panchayat,220,Mandatory,binary,Whether the ATM or other money withdrawal facility is available in the GP,Whether the ATM or other money withdrawal facility is available in the GP,,https://pai.gov.in/MMS/Indicator/Theme-Indicators.aspx?t=1&s=1,2026-09-06T06:50:29Z
PAI 1.0,2022-2023,1,t1_poverty_free_and_enhanced_livelihoods_panchayat,370,Mandatory,binary,Whether the bank is available in the GP,Whether the bank is available in the GP,,https://pai.gov.in/MMS/Indicator/Theme-Indicators.aspx?t=1&s=1,2026-09-06T06:50:29Z
PAI 1.0,2022-2023,1,t1_poverty_free_and_enhanced_livelihoods_panchayat,395,Optional,ratio,Percentage of Children age 6-59 months who are anaemic (<11.0g/dl),Children aged 6-59 months who are anemic,Total Number of children in age group 6-59 months,https://pai.gov.in/MMS/Indicator/Theme-Indicators.aspx?t=1&s=1,2026-09-06T06:50:29Z
PAI 1.0,2022-2023,1,t1_poverty_free_and_enhanced_livelihoods_panchayat,408,Mandatory,ratio,Percentage of persons (out of total eligible population) receiving social protection benefits under Pradhan Mantri Matritva Vandana Yojana (PMMVY) or State Specific Scheme,Total number of beneficiaries receiving social protection benefits under PMMVY State Specific Scheme during the reference year,Total number of beneficiaries enrolled under Pradhan Mantri Matru Vandana Yojana(PMMVY) State Specific Scheme during the reference year,https://pai.gov.in/MMS/Indicator/Theme-Indicators.aspx?t=1&s=1,2026-09-06T06:50:29Z
PAI 1.0,2022-2023,1,t1_poverty_free_and_enhanced_livelihoods_panchayat,422,Mandatory,ratio,Percentage of Households living in Kuccha houses as defined in PMAY,Number of Household(HHs) living in Kutcha House,Total Households,https://pai.gov.in/MMS/Indicator/Theme-Indicators.aspx?t=1&s=1,2026-09-06T06:50:29Z
PAI 1.0,2022-2023,1,t1_poverty_free_and_enhanced_livelihoods_panchayat,429,Mandatory,ratio,Percentage of homeless person in GP,Total number of homeless person,Total GP Population,https://pai.gov.in/MMS/Indicator/Theme-Indicators.aspx?t=1&s=1,2026-09-06T06:50:29Z
PAI 1.0,2022-2023,1,t1_poverty_free_and_enhanced_livelihoods_panchayat,452,Mandatory,ratio,"Total GP spending on essential services (education, health and social protection) as percentage of total plan expenditure","GP expenditure in education, health and social protection",Total GP expenditure (All Scheme),https://pai.gov.in/MMS/Indicator/Theme-Indicators.aspx?t=1&s=1,2026-09-06T06:50:29Z
PAI 1.0,2022-2023,1,t1_poverty_free_and_enhanced_livelihoods_panchayat,543,Optional,ratio,Percentage of pregnant and lactating mothers who are anemic,Number of pregnant women and lactating mothers who are anemic,Total pregnant women and lactating mothers,https://pai.gov.in/MMS/Indicator/Theme-Indicators.aspx?t=1&s=1,2026-09-06T06:50:29Z
PAI 1.0,2022-2023,1,t1_poverty_free_and_enhanced_livelihoods_panchayat,564,Mandatory,ratio,Percentage of Women in SHGs benefitted Under Priority Household (PHH) & Antyodaya Anna Yojana(AAY) category,Total Number of Women in SHGs benefitted Under Priority Household (PHH) & Antyodaya Anna Yojana(AAY) category,Total number of Women under Priority Household (PHH) & Antyodaya Anna Yojana(AAY) category under NFSA,https://pai.gov.in/MMS/Indicator/Theme-Indicators.aspx?t=1&s=1,2026-09-06T06:50:29Z
PAI 1.0,2022-2023,1,t1_poverty_free_and_enhanced_livelihoods_panchayat,565,Mandatory,ratio,Percentage of women from AAY category in the SHGs,Total Number of Women from AAY category in the SHGs,Total number of Women under Antyodaya Anna Yojana(AAY)NFSA category,https://pai.gov.in/MMS/Indicator/Theme-Indicators.aspx?t=1&s=1,2026-09-06T06:50:29Z
PAI 1.0,2022-2023,1,t1_poverty_free_and_enhanced_livelihoods_panchayat,566,Mandatory,ratio,Percentage of Self Help Group (SHGs) accessed Bank Loans in the reference year,Number of SHGs accessed bank loans,Total number of SHGs,https://pai.gov.in/MMS/Indicator/Theme-Indicators.aspx?t=1&s=1,2026-09-06T06:50:29Z
PAI 1.0,2022-2023,2,t2_healthy_panchayat,39,Mandatory,ratio,Percentage of births attended by skilled health personnel or institutional delivery (Period 1 year),Women aged 15-49 years with a live birth attended by a skilled health personnel or institutional delivery in delivery during reference year,Women aged 15-49 years with a live birth during the same period,https://pai.gov.in/MMS/Indicator/Theme-Indicators.aspx?t=2&s=1,2026-09-06T06:50:29Z
PAI 1.0,2022-2023,2,t2_healthy_panchayat,40,Mandatory,ratio,Percentage of Pregnant Women with a live birth during the reference year who have received 4 or more Antenatal check up (ANC),Women aged 15−49 years with a live birth in last one year who received antenatal care four or more times,Women aged 15−49 years with a live birth in the same period,https://pai.gov.in/MMS/Indicator/Theme-Indicators.aspx?t=2&s=1,2026-09-06T06:50:29Z
PAI 1.0,2022-2023,2,t2_healthy_panchayat,41,Mandatory,ratio,Percentage of Ante Natal Check up (ANC) registration in 1st trimester to total ANC registration,Number of Ante Natal Checkup registration in 1st trimester,Total ANC registration,https://pai.gov.in/MMS/Indicator/Theme-Indicators.aspx?t=2&s=1,2026-09-06T06:50:29Z
PAI 1.0,2022-2023,2,t2_healthy_panchayat,43,Mandatory,ratio,Percentage of currently married women (15-49 years) who use any modern family planning methods,Currently married women aged 15-49 years who use modern contraceptive methods,Currently married women aged 15-49 years,https://pai.gov.in/MMS/Indicator/Theme-Indicators.aspx?t=2&s=1,2026-09-06T06:50:29Z
PAI 1.0,2022-2023,2,t2_healthy_panchayat,45,Mandatory,ratio,"Neonatal mortality rate (per 1,000 live births)",Infant deaths of age less than 29 days (neonatal deaths) during reference year,Live births of child during reference year,https://pai.gov.in/MMS/Indicator/Theme-Indicators.aspx?t=2&s=1,2026-09-06T06:50:29Z
PAI 1.0,2022-2023,2,t2_healthy_panchayat,46,Mandatory,ratio,"Percentage of children aged 12-23 months who received all basic vaccinations ( BCG, measles and three doses each of polio and DPT or Penta vaccine excluding polio vaccine given at birth)","Children aged 12-23 months who received all basic vaccinations (BCG, measles and three doses each of polio (excluding polio vaccine given at birth) and DPT or Penta vaccine",Children aged 12-23 months in GP,https://pai.gov.in/MMS/Indicator/Theme-Indicators.aspx?t=2&s=1,2026-09-06T06:50:29Z
PAI 1.0,2022-2023,2,t2_healthy_panchayat,47,Mandatory,ratio,Percentage of children aged under 5 years who are underweight,Total underweight Children under 5 Year,Number of children in age under 5 years,https://pai.gov.in/MMS/Indicator/Theme-Indicators.aspx?t=2&s=1,2026-09-06T06:50:29Z
PAI 1.0,2022-2023,2,t2_healthy_panchayat,52,Mandatory,ratio,"Tuberculosis incidence per 1,000 population",TB patients in a population during reference period,Total GP Population,https://pai.gov.in/MMS/Indicator/Theme-Indicators.aspx?t=2&s=1,2026-09-06T06:50:29Z
PAI 1.0,2022-2023,2,t2_healthy_panchayat,53,Optional,ratio,"Malaria incidence per 1,000 population",Number of confirmed malaria cases during the reference period,Total GP Population,https://pai.gov.in/MMS/Indicator/Theme-Indicators.aspx?t=2&s=1,2026-09-06T06:50:29Z
PAI 1.0,2022-2023,2,t2_healthy_panchayat,54,Mandatory,ratio,Dengue: Case Fatality Ratio,Number of deaths due to dengue during reference year,Number of dengue cases during reference year,https://pai.gov.in/MMS/Indicator/Theme-Indicators.aspx?t=2&s=1,2026-09-06T06:50:29Z
PAI 1.0,2022-2023,2,t2_healthy_panchayat,55,Mandatory,ratio,"Total number of cases of diarrhoea per 1,000 population",Total number of cases of diarrhea during the reference year,Total GP Population,https://pai.gov.in/MMS/Indicator/Theme-Indicators.aspx?t=2&s=1,2026-09-06T06:50:29Z
PAI 1.0,2022-2023,2,t2_healthy_panchayat,58,Optional,ratio,Percentage of men and women reporting Asthma in the age group 15 years & above,Number of men and women reporting Asthma in the age group 15years & above,Total GP population of 15-49 years,https://pai.gov.in/MMS/Indicator/Theme-Indicators.aspx?t=2&s=1,2026-09-06T06:50:29Z
PAI 1.0,2022-2023,2,t2_healthy_panchayat,59,Optional,ratio,Percentage of people using Tobacco / Alcohol,People using Tobacco /Alcohol,Total GP Population,https://pai.gov.in/MMS/Indicator/Theme-Indicators.aspx?t=2&s=1,2026-09-06T06:50:29Z
PAI 1.0,2022-2023,2,t2_healthy_panchayat,60,Mandatory,ratio,Total GP spending on Health to the total expenditure,GP expenditure on Health,Total GP expenditure (All Scheme),https://pai.gov.in/MMS/Indicator/Theme-Indicators.aspx?t=2&s=1,2026-09-06T06:50:29Z
PAI 1.0,2022-2023,2,t2_healthy_panchayat,66,Mandatory,ratio,Under 1 Year mortality rate of child per 1000 live births during the reference year (Age as on 31st March),Number of deaths of children of age under 5 year (0-59 months) during the reference year,Number of children in age under 5 years,https://pai.gov.in/MMS/Indicator/Theme-Indicators.aspx?t=2&s=1,2026-09-06T06:50:29Z
PAI 1.0,2022-2023,2,t2_healthy_panchayat,70,Mandatory,ratio,Percentage of Pregnant Women and lactating mothers registered under ICDS out of total eligible Pregnant Women and lactating mothers,Total number of registered Pregnant Women and Lactating Mothers under ICDS,Total number of eligible Pregnant Women and Lactating Mothers,https://pai.gov.in/MMS/Indicator/Theme-Indicators.aspx?t=2&s=1,2026-09-06T06:50:29Z
PAI 1.0,2022-2023,2,t2_healthy_panchayat,75,Mandatory,ratio,Percentage of children under age 5 years who are wasted,Total wasted children under 5 Year,Number of children in age under 5 years,https://pai.gov.in/MMS/Indicator/Theme-Indicators.aspx?t=2&s=1,2026-09-06T06:50:29Z
PAI 1.0,2022-2023,2,t2_healthy_panchayat,76,Mandatory,ratio,Percentage of children under age 5 years who are stunted,Total stunted children under 5 year,Number of children in age under 5 years,https://pai.gov.in/MMS/Indicator/Theme-Indicators.aspx?t=2&s=1,2026-09-06T06:50:29Z
PAI 1.0,2022-2023,2,t2_healthy_panchayat,79,Mandatory,ratio,Percentage of Adolescent (15-18) Girls who are anaemic,Number of Adolescent (15-18) Girls who are anaemic,Total number of Adolescent (15-19) girls,https://pai.gov.in/MMS/Indicator/Theme-Indicators.aspx?t=2&s=1,2026-09-06T06:50:29Z
PAI 1.0,2022-2023,2,t2_healthy_panchayat,395,Optional,ratio,Percentage of Children age 6-59 months who are anaemic (<11.0g/dl),Children aged 6-59 months who are anemic,Total Number of children in age group 6-59 months,https://pai.gov.in/MMS/Indicator/Theme-Indicators.aspx?t=2&s=1,2026-09-06T06:50:29Z
PAI 1.0,2022-2023,2,t2_healthy_panchayat,550,Mandatory,ratio,Percentage of maternal death to live birth,Maternal Deaths during the reference year,Live births of child during reference year,https://pai.gov.in/MMS/Indicator/Theme-Indicators.aspx?t=2&s=1,2026-09-06T06:50:29Z
PAI 1.0,2022-2023,3,t3_child_friendly_panchayat,46,Mandatory,ratio,"Percentage of children aged 12-23 months who received all basic vaccinations ( BCG, measles and three doses each of polio and DPT or Penta vaccine excluding polio vaccine given at birth)","Children aged 12-23 months who received all basic vaccinations (BCG, measles and three doses each of polio (excluding polio vaccine given at birth) and DPT or Penta vaccine",Children aged 12-23 months in GP,https://pai.gov.in/MMS/Indicator/Theme-Indicators.aspx?t=3&s=1,2026-09-06T06:50:29Z
PAI 1.0,2022-2023,3,t3_child_friendly_panchayat,47,Mandatory,ratio,Percentage of children aged under 5 years who are underweight,Total underweight Children under 5 Year,Number of children in age under 5 years,https://pai.gov.in/MMS/Indicator/Theme-Indicators.aspx?t=3&s=1,2026-09-06T06:50:29Z
PAI 1.0,2022-2023,3,t3_child_friendly_panchayat,62,Mandatory,ratio,Percentage of Children in Gram Panchayat whose birth has been registered during the reference year,number of Children whose birth has been registered,Total number of children born during the reference year,https://pai.gov.in/MMS/Indicator/Theme-Indicators.aspx?t=3&s=1,2026-09-06T06:50:29Z
PAI 1.0,2022-2023,3,t3_child_friendly_panchayat,65,Mandatory,ratio,Percentage of institutional delivery,Total number of institutional delivery,Total number of births,https://pai.gov.in/MMS/Indicator/Theme-Indicators.aspx?t=3&s=1,2026-09-06T06:50:29Z
PAI 1.0,2022-2023,3,t3_child_friendly_panchayat,66,Mandatory,ratio,Under 1 Year mortality rate of child per 1000 live births during the reference year (Age as on 31st March),Number of deaths of children of age under 5 year (0-59 months) during the reference year,Number of children in age under 5 years,https://pai.gov.in/MMS/Indicator/Theme-Indicators.aspx?t=3&s=1,2026-09-06T06:50:29Z
PAI 1.0,2022-2023,3,t3_child_friendly_panchayat,68,Mandatory,ratio,Percentage of children (0-3 years) registered under ICDS out of total eligible children (0-3 years),Total number of registered children (0-3 years) under ICDS,Total number of eligible children (0-3 years) under ICDS,https://pai.gov.in/MMS/Indicator/Theme-Indicators.aspx?t=3&s=1,2026-09-06T06:50:29Z
PAI 1.0,2022-2023,3,t3_child_friendly_panchayat,69,Mandatory,ratio,Percentage of children (3-6 years) registered under ICDS out of total eligible children (3-6 years),Total number of registered children (3-6 years) under ICDS,Total number of eligible children (3-6 years) under ICDS,https://pai.gov.in/MMS/Indicator/Theme-Indicators.aspx?t=3&s=1,2026-09-06T06:50:29Z
PAI 1.0,2022-2023,3,t3_child_friendly_panchayat,70,Mandatory,ratio,Percentage of Pregnant Women and lactating mothers registered under ICDS out of total eligible Pregnant Women and lactating mothers,Total number of registered Pregnant Women and Lactating Mothers under ICDS,Total number of eligible Pregnant Women and Lactating Mothers,https://pai.gov.in/MMS/Indicator/Theme-Indicators.aspx?t=3&s=1,2026-09-06T06:50:29Z
PAI 1.0,2022-2023,3,t3_child_friendly_panchayat,71,Mandatory,ratio,Percentage of eligible children getting served under ICDS,Total number of registered children under ICDS,Total number of eligible children,https://pai.gov.in/MMS/Indicator/Theme-Indicators.aspx?t=3&s=1,2026-09-06T06:50:29Z
PAI 1.0,2022-2023,3,t3_child_friendly_panchayat,73,Mandatory,ratio,Percentage of children (0-3 years) with disabilities receiving Early Childhood Intervention,Number of Children (0-3 years) with disabilities receiving Early Childhood Intervention,Total number of children(0-3 years) with disabilities,https://pai.gov.in/MMS/Indicator/Theme-Indicators.aspx?t=3&s=1,2026-09-06T06:50:29Z
PAI 1.0,2022-2023,3,t3_child_friendly_panchayat,75,Mandatory,ratio,Percentage of children under age 5 years who are wasted,Total wasted children under 5 Year,Number of children in age under 5 years,https://pai.gov.in/MMS/Indicator/Theme-Indicators.aspx?t=3&s=1,2026-09-06T06:50:29Z
PAI 1.0,2022-2023,3,t3_child_friendly_panchayat,76,Mandatory,ratio,Percentage of children under age 5 years who are stunted,Total stunted children under 5 year,Number of children in age under 5 years,https://pai.gov.in/MMS/Indicator/Theme-Indicators.aspx?t=3&s=1,2026-09-06T06:50:29Z
PAI 1.0,2022-2023,3,t3_child_friendly_panchayat,78,Optional,ratio,Percentage of Children age (5-14 years) who are anemic,Number of Children age (5-14 years) who are anemic,Total number of Children 5-14 years),https://pai.gov.in/MMS/Indicator/Theme-Indicators.aspx?t=3&s=1,2026-09-06T06:50:29Z
PAI 1.0,2022-2023,3,t3_child_friendly_panchayat,79,Mandatory,ratio,Percentage of Adolescent (15-18) Girls who are anaemic,Number of Adolescent (15-18) Girls who are anaemic,Total number of Adolescent (15-19) girls,https://pai.gov.in/MMS/Indicator/Theme-Indicators.aspx?t=3&s=1,2026-09-06T06:50:29Z
PAI 1.0,2022-2023,3,t3_child_friendly_panchayat,81,Mandatory,ratio,Percentage of children between ages 3-6 years receiving formal pre-school education or early childhood care in AWC,Number of Children Aged 3-6 years receiving Pre School education or early childhood care in AWC,Total number of eligible children (3-6 years) under ICDS,https://pai.gov.in/MMS/Indicator/Theme-Indicators.aspx?t=3&s=1,2026-09-06T06:50:29Z
PAI 1.0,2022-2023,3,t3_child_friendly_panchayat,82,Mandatory,ratio,Transition Rate (Primary),Fresh enrolment in class 6th of Children in the present year,Class 5th enrolment previous year,https://pai.gov.in/MMS/Indicator/Theme-Indicators.aspx?t=3&s=1,2026-09-06T06:50:29Z
PAI 1.0,2022-2023,3,t3_child_friendly_panchayat,83,Mandatory,ratio,Transition Rate (Upper Primary),Fresh enrolment in class 9th of Children in the present year,Class 8th enrolment previous year,https://pai.gov.in/MMS/Indicator/Theme-Indicators.aspx?t=3&s=1,2026-09-06T06:50:29Z
PAI 1.0,2022-2023,3,t3_child_friendly_panchayat,86,Mandatory,number,Drop-out Rate (Primary),Drop-out rate (Primary),,https://pai.gov.in/MMS/Indicator/Theme-Indicators.aspx?t=3&s=1,2026-09-06T06:50:29Z
PAI 1.0,2022-2023,3,t3_child_friendly_panchayat,87,Mandatory,number,Drop-out Rate (Upper Primary),Drop-out rate(Upper Primary),,https://pai.gov.in/MMS/Indicator/Theme-Indicators.aspx?t=3&s=1,2026-09-06T06:50:29Z
PAI 1.0,2022-2023,3,t3_child_friendly_panchayat,88,Mandatory,number,Drop-out Rate ( Secondary),Drop-out rate (Secondary),,https://pai.gov.in/MMS/Indicator/Theme-Indicators.aspx?t=3&s=1,2026-09-06T06:50:29Z
PAI 1.0,2022-2023,3,t3_child_friendly_panchayat,89,Optional,ratio,Percentage of children (14-18 years) who are neither in school / training,"number of children who are 14-18 years, are neither in school / training",Total Number of children of age 14-18 years,https://pai.gov.in/MMS/Indicator/Theme-Indicators.aspx?t=3&s=1,2026-09-06T06:50:29Z
PAI 1.0,2022-2023,3,t3_child_friendly_panchayat,90,Mandatory,ratio,Percentage of out of school children in GP to out of the total number of children in the reference age group (6-14 Years),Number of out of school children in GP,total number of children in the reference age group(6-14 Years),https://pai.gov.in/MMS/Indicator/Theme-Indicators.aspx?t=3&s=1,2026-09-06T06:50:29Z
PAI 1.0,2022-2023,3,t3_child_friendly_panchayat,91,Optional,ratio,"Ratio of male-female enrolled in higher education, technical and vocational education up to 18 years","Number of Female enrolled in higher education, technical and vocational education.","Number of Male enrolled in higher education, technical and vocational education.",https://pai.gov.in/MMS/Indicator/Theme-Indicators.aspx?t=3&s=1,2026-09-06T06:50:29Z
PAI 1.0,2022-2023,3,t3_child_friendly_panchayat,92,Mandatory,ratio,Ratio of female-male enrolled in Primary,Number of Female enrolled in Primary,Number of Male enrolled in Primary,https://pai.gov.in/MMS/Indicator/Theme-Indicators.aspx?t=3&s=1,2026-09-06T06:50:29Z
PAI 1.0,2022-2023,3,t3_child_friendly_panchayat,93,Mandatory,ratio,Ratio of female-male enrolled in Upper Primary,Number of Female enrolled in Upper Primary,Number of Male enrolled in Upper Primary,https://pai.gov.in/MMS/Indicator/Theme-Indicators.aspx?t=3&s=1,2026-09-06T06:50:29Z
PAI 1.0,2022-2023,3,t3_child_friendly_panchayat,94,Mandatory,ratio,Ratio of female-male enrolled in Secondary,Number of Female enrolled in Secondary,Number of Male enrolled in Secondary,https://pai.gov.in/MMS/Indicator/Theme-Indicators.aspx?t=3&s=1,2026-09-06T06:50:29Z
PAI 1.0,2022-2023,3,t3_child_friendly_panchayat,95,Mandatory,ratio,Ratio of female-male enrolled in Higher Secondary,Number of Female enrolled in Higher Secondary,Number of Male enrolled in Higher Secondary,https://pai.gov.in/MMS/Indicator/Theme-Indicators.aspx?t=3&s=1,2026-09-06T06:50:29Z
PAI 1.0,2022-2023,3,t3_child_friendly_panchayat,96,Mandatory,ratio,Percentage of children with disabilities enrolled in schools/ special schools,Number of Children with disabilities enrolled in Schools/Special Schools,Total number of Children with disabilities,https://pai.gov.in/MMS/Indicator/Theme-Indicators.aspx?t=3&s=1,2026-09-06T06:50:29Z
PAI 1.0,2022-2023,3,t3_child_friendly_panchayat,97,Mandatory,ratio,"Percentage of Anganwadi Center having own building with basic facilities ( Electricity, Drinking Water & Toilet) in Gram Panchayat",Number of Anganwadis have their own building,Number of Anganwadis in GP,https://pai.gov.in/MMS/Indicator/Theme-Indicators.aspx?t=3&s=1,2026-09-06T06:50:29Z
PAI 1.0,2022-2023,3,t3_child_friendly_panchayat,98,Mandatory,ratio,Percentage of Anganwadis having access to Adequate and Safe drinking water,Number of Anganwadis have Adequate and Safe drinking water,Number of Anganwadis in GP,https://pai.gov.in/MMS/Indicator/Theme-Indicators.aspx?t=3&s=1,2026-09-06T06:50:29Z
PAI 1.0,2022-2023,3,t3_child_friendly_panchayat,108,Mandatory,ratio,Percentage of Anganwadis having Electricity,Number of Anganwadis have Electricity,Number of Anganwadis in GP,https://pai.gov.in/MMS/Indicator/Theme-Indicators.aspx?t=3&s=1,2026-09-06T06:50:29Z
PAI 1.0,2022-2023,3,t3_child_friendly_panchayat,111,Mandatory,ratio,percentage of primary schools have Boundary walls/fencing & gate,Number of Primary school has Boundary wall/fencing & gate,Number of Primary schools in GP,https://pai.gov.in/MMS/Indicator/Theme-Indicators.aspx?t=3&s=1,2026-09-06T06:50:29Z
PAI 1.0,2022-2023,3,t3_child_friendly_panchayat,121,Mandatory,ratio,Percentage of Primary school has Kitchen garden,Number of Primary School has Kitchen Garden,Number of Primary schools in GP,https://pai.gov.in/MMS/Indicator/Theme-Indicators.aspx?t=3&s=1,2026-09-06T06:50:29Z
PAI 1.0,2022-2023,3,t3_child_friendly_panchayat,123,Mandatory,binary,Whether the GP has play ground accessible to all children,Whether the GP has play ground accessible to all children,,https://pai.gov.in/MMS/Indicator/Theme-Indicators.aspx?t=3&s=1,2026-09-06T06:50:29Z
PAI 1.0,2022-2023,3,t3_child_friendly_panchayat,124,Mandatory,binary,Whether functional public library is available in Gram Panchayat area,Whether the GP has a well-equipped Library Cum Information Centre,,https://pai.gov.in/MMS/Indicator/Theme-Indicators.aspx?t=3&s=1,2026-09-06T06:50:29Z
PAI 1.0,2022-2023,3,t3_child_friendly_panchayat,125,Mandatory,binary,Whether the GP has child friendly park with required facilities,Whether the GP has child friendly park with required facilities,,https://pai.gov.in/MMS/Indicator/Theme-Indicators.aspx?t=3&s=1,2026-09-06T06:50:29Z
PAI 1.0,2022-2023,3,t3_child_friendly_panchayat,128,Mandatory,binary,Whether the GP has a functional Village Level Child Protection Committee (VLCPC),Whether the GP has a functional Village Level Child Protection Committee (VLCPC),,https://pai.gov.in/MMS/Indicator/Theme-Indicators.aspx?t=3&s=1,2026-09-06T06:50:29Z
PAI 1.0,2022-2023,3,t3_child_friendly_panchayat,129,Mandatory,ratio,Whether any crime against children were reported from Gram Panchayat during the reference year,Number of Crime reported against Children during the year,Total Population of children (under 18 years) in GP,https://pai.gov.in/MMS/Indicator/Theme-Indicators.aspx?t=3&s=1,2026-09-06T06:50:29Z
PAI 1.0,2022-2023,3,t3_child_friendly_panchayat,131,Mandatory,ratio,Whether there is any trafficked/missing girl children during the refernce year,Number of trafficked/missing girl children reported,Total number of trafficked & missing children,https://pai.gov.in/MMS/Indicator/Theme-Indicators.aspx?t=3&s=1,2026-09-06T06:50:29Z
PAI 1.0,2022-2023,3,t3_child_friendly_panchayat,132,Mandatory,binary,Whether any POCSO cases reported in GP during the refernce year,Number of POCSO cases reported,,https://pai.gov.in/MMS/Indicator/Theme-Indicators.aspx?t=3&s=1,2026-09-06T06:50:29Z
PAI 1.0,2022-2023,3,t3_child_friendly_panchayat,133,Mandatory,ratio,Percentage of offences reported under POCSO,Number of offences reported during the reference year,Total Population of children (under 18 years) in GP,https://pai.gov.in/MMS/Indicator/Theme-Indicators.aspx?t=3&s=1,2026-09-06T06:50:29Z
PAI 1.0,2022-2023,3,t3_child_friendly_panchayat,134,Mandatory,ratio,Whether any sexual crime against Girl Children were reported in GP during the reference year,Number of Sexual Crime reported against Girl Children,Number of Crime reported against Children during the year,https://pai.gov.in/MMS/Indicator/Theme-Indicators.aspx?t=3&s=1,2026-09-06T06:50:29Z
PAI 1.0,2022-2023,3,t3_child_friendly_panchayat,136,Mandatory,binary,Whether the GP has taken any action to prevent child marriage,Whether the GP has taken any action to prevent child marriage,,https://pai.gov.in/MMS/Indicator/Theme-Indicators.aspx?t=3&s=1,2026-09-06T06:50:29Z
PAI 1.0,2022-2023,3,t3_child_friendly_panchayat,137,Mandatory,binary,Whether the GP has taken any initiative on preventing crimes against children?,Whether the GP has taken any initiative on preventing crimes against children?,,https://pai.gov.in/MMS/Indicator/Theme-Indicators.aspx?t=3&s=1,2026-09-06T06:50:29Z
PAI 1.0,2022-2023,3,t3_child_friendly_panchayat,138,Mandatory,binary,"Whether the GP has made list of Vulnerable children (Ultra Poor, differently abled, SC/ST, Migrants, etc)","Whether the GP has made list of Vulnerable children (Ultra Poor, differently abled, SC/ST, Migrants, etc.,)",,https://pai.gov.in/MMS/Indicator/Theme-Indicators.aspx?t=3&s=1,2026-09-06T06:50:29Z
PAI 1.0,2022-2023,3,t3_child_friendly_panchayat,139,Mandatory,binary,Whether Disaster Management Plan addresses the needs of children,Whether Disaster Management Plan addresses the needs of children,,https://pai.gov.in/MMS/Indicator/Theme-Indicators.aspx?t=3&s=1,2026-09-06T06:50:29Z
PAI 1.0,2022-2023,3,t3_child_friendly_panchayat,142,Mandatory,binary,Whether Resolution of the Bal Sabha is discussed in Gram Sabha and incorporated in GPDP,Whether Resolution of the Bal Sabha is discussed in Gram Sabha and incorporated in GPDP,,https://pai.gov.in/MMS/Indicator/Theme-Indicators.aspx?t=3&s=1,2026-09-06T06:50:29Z
PAI 1.0,2022-2023,3,t3_child_friendly_panchayat,143,Mandatory,binary,Whether the GP involves children/Adolescents in preparation and implementation of Gram Panchayat Development Plan,Whether the GP involves children/Adolescents in preparation and implementation of GPDP,,https://pai.gov.in/MMS/Indicator/Theme-Indicators.aspx?t=3&s=1,2026-09-06T06:50:29Z
PAI 1.0,2022-2023,3,t3_child_friendly_panchayat,144,Mandatory,binary,Whether the Village Level Child Protection Committee (VLCPC) has at least 2 children (adolescent) as member,Whether the Village Level Child Protection Committee has at least 2 children (adolescent) as member,,https://pai.gov.in/MMS/Indicator/Theme-Indicators.aspx?t=3&s=1,2026-09-06T06:50:29Z
PAI 1.0,2022-2023,3,t3_child_friendly_panchayat,145,Mandatory,binary,Whether the issues related to children are discussed in the Gram Sabha,Whether the issues related to children are discussed in the Gram Sabha,,https://pai.gov.in/MMS/Indicator/Theme-Indicators.aspx?t=3&s=1,2026-09-06T06:50:29Z
PAI 1.0,2022-2023,3,t3_child_friendly_panchayat,146,Mandatory,ratio,Percentage of child centric issues on which action has been taken (Action taken -against issues discussed),Number of child centric issues on which action has been taken by GP,Number of child centric issues discussed in Gram Sabha,https://pai.gov.in/MMS/Indicator/Theme-Indicators.aspx?t=3&s=1,2026-09-06T06:50:29Z
PAI 1.0,2022-2023,3,t3_child_friendly_panchayat,147,Mandatory,ratio,"Number of public schools, markets, public institutions and public places where functional and easily accessible toliets for children are available","Number of public schools, markets, public institutions and public places where functional and easily accessible toilets for children are available","Total number of public schools, markets, public institutions and public places",https://pai.gov.in/MMS/Indicator/Theme-Indicators.aspx?t=3&s=1,2026-09-06T06:50:29Z
PAI 1.0,2022-2023,3,t3_child_friendly_panchayat,148,Mandatory,ratio,Percentage of public schools where separate and functional toilets are available for girls,Number of public schools where separate and functional toilets are available for girls,Total number of public schools,https://pai.gov.in/MMS/Indicator/Theme-Indicators.aspx?t=3&s=1,2026-09-06T06:50:29Z
PAI 1.0,2022-2023,3,t3_child_friendly_panchayat,149,Mandatory,ratio,"Percentage of schools, Anganwadi, and community toilets having water facility & soap for hand washing","Number of schools, Anganwadi, and community toilets having water facility & soap for hand washing","Total number of schools, Anganwadi, and community toilets",https://pai.gov.in/MMS/Indicator/Theme-Indicators.aspx?t=3&s=1,2026-09-06T06:50:29Z
PAI 1.0,2022-2023,3,t3_child_friendly_panchayat,150,Mandatory,ratio,Percentage of budget earmarked for activities that directly benefit children,Total budget earmarked for activities that directly benefit children (Women and child development),Total GP Budget ( All scheme),https://pai.gov.in/MMS/Indicator/Theme-Indicators.aspx?t=3&s=1,2026-09-06T06:50:29Z
PAI 1.0,2022-2023,3,t3_child_friendly_panchayat,234,Mandatory,ratio,Percentage of Anganwadis having Colourful Wall Painting,Number of Anganwadis have Colourful Wall Painting,Number of Anganwadis in GP,https://pai.gov.in/MMS/Indicator/Theme-Indicators.aspx?t=3&s=1,2026-09-06T06:50:29Z
PAI 1.0,2022-2023,3,t3_child_friendly_panchayat,236,Mandatory,ratio,Percentage of Anganwadis having Open space for outdoor activities,Number of Anganwadis have Open spaces for outdoor activities,Number of Anganwadis in GP,https://pai.gov.in/MMS/Indicator/Theme-Indicators.aspx?t=3&s=1,2026-09-06T06:50:29Z
PAI 1.0,2022-2023,3,t3_child_friendly_panchayat,237,Mandatory,ratio,Percentage of Anganwadis having First Aid Box & Medicine Kit,Number of Anganwadis have a First Aid Box and medicine Kit,Number of Anganwadis in GP,https://pai.gov.in/MMS/Indicator/Theme-Indicators.aspx?t=3&s=1,2026-09-06T06:50:29Z
PAI 1.0,2022-2023,3,t3_child_friendly_panchayat,238,Mandatory,ratio,Percentage of Anganwadis having Weighing Machine,Number of Anganwadis have a Weighing Machine,Number of Anganwadis in GP,https://pai.gov.in/MMS/Indicator/Theme-Indicators.aspx?t=3&s=1,2026-09-06T06:50:29Z
PAI 1.0,2022-2023,3,t3_child_friendly_panchayat,239,Mandatory,ratio,Percentage of Anganwadis having Community Growth Chart and Mother and Child Protection Card,Number of Anganwadis has a Community Growth Chart and MCP Card,Number of Anganwadis in GP,https://pai.gov.in/MMS/Indicator/Theme-Indicators.aspx?t=3&s=1,2026-09-06T06:50:29Z
PAI 1.0,2022-2023,3,t3_child_friendly_panchayat,240,Mandatory,ratio,Percentage of Anganwadis having a Smartphone for Anganwadi Workers,Number of Anganwadi have Smartphones for Anganwadi Workers(AWWs),Number of Anganwadis in GP,https://pai.gov.in/MMS/Indicator/Theme-Indicators.aspx?t=3&s=1,2026-09-06T06:50:29Z
PAI 1.0,2022-2023,3,t3_child_friendly_panchayat,241,Mandatory,ratio,Percentage of Anganwadis having Ramps for Physically challenged children/persons,Number of Anganwadis have RAMPS for Physically challenged children/persons,Number of Anganwadis in GP,https://pai.gov.in/MMS/Indicator/Theme-Indicators.aspx?t=3&s=1,2026-09-06T06:50:29Z
PAI 1.0,2022-2023,3,t3_child_friendly_panchayat,242,Mandatory,ratio,Percentage of Anganwadis having cooked food/supply of SNP or having gas connection for cooking meal etc,Number of Anganwadi have regular supply of SNP & Gas Connection,Number of Anganwadis in GP,https://pai.gov.in/MMS/Indicator/Theme-Indicators.aspx?t=3&s=1,2026-09-06T06:50:29Z
PAI 1.0,2022-2023,3,t3_child_friendly_panchayat,244,Mandatory,ratio,Percentage of Anganwadis having Nutrition Garden,Number of Anganwadis have a Nutrition Garden,Number of Anganwadis in GP,https://pai.gov.in/MMS/Indicator/Theme-Indicators.aspx?t=3&s=1,2026-09-06T06:50:29Z
PAI 1.0,2022-2023,3,t3_child_friendly_panchayat,302,Mandatory,ratio,Percentage of Primary Schools have their own building in GP,Number of Primary School has own building,Number of Primary schools in GP,https://pai.gov.in/MMS/Indicator/Theme-Indicators.aspx?t=3&s=1,2026-09-06T06:50:29Z
PAI 1.0,2022-2023,3,t3_child_friendly_panchayat,305,Mandatory,ratio,Percentage of primary schools have Adequate Manpower,Number of Primary school has Adequate Manpower,Number of Primary schools in GP,https://pai.gov.in/MMS/Indicator/Theme-Indicators.aspx?t=3&s=1,2026-09-06T06:50:29Z
PAI 1.0,2022-2023,3,t3_child_friendly_panchayat,306,Mandatory,ratio,Percentage of primary schools have Electricity,Number of Primary school has Electricity,Number of Primary schools in GP,https://pai.gov.in/MMS/Indicator/Theme-Indicators.aspx?t=3&s=1,2026-09-06T06:50:29Z
PAI 1.0,2022-2023,3,t3_child_friendly_panchayat,308,Mandatory,ratio,Percentage of Primary School has Library,Number of Primary School has Library,Number of Primary schools in GP,https://pai.gov.in/MMS/Indicator/Theme-Indicators.aspx?t=3&s=1,2026-09-06T06:50:29Z
PAI 1.0,2022-2023,3,t3_child_friendly_panchayat,309,Mandatory,ratio,Percentage of primary school has computer,Number of Primary School has computer,Number of Primary schools in GP,https://pai.gov.in/MMS/Indicator/Theme-Indicators.aspx?t=3&s=1,2026-09-06T06:50:29Z
PAI 1.0,2022-2023,3,t3_child_friendly_panchayat,310,Mandatory,ratio,Percentage of primary schools have adequate Furniture,Number of primary school has adequate Furniture,Number of Primary schools in GP,https://pai.gov.in/MMS/Indicator/Theme-Indicators.aspx?t=3&s=1,2026-09-06T06:50:29Z
PAI 1.0,2022-2023,3,t3_child_friendly_panchayat,311,Mandatory,ratio,Percentage of Primary school has Drinking water Facilities,Number of Primary School has Drinking Water Facilities,Number of Primary schools in GP,https://pai.gov.in/MMS/Indicator/Theme-Indicators.aspx?t=3&s=1,2026-09-06T06:50:29Z
PAI 1.0,2022-2023,3,t3_child_friendly_panchayat,312,Mandatory,ratio,Percentage of Primary school has Separate Child Friendly toilets for girls and boys,Number of Primary School has Separate Child Friendly Toilet for girls and boys,Number of Primary schools in GP,https://pai.gov.in/MMS/Indicator/Theme-Indicators.aspx?t=3&s=1,2026-09-06T06:50:29Z
PAI 1.0,2022-2023,3,t3_child_friendly_panchayat,313,Mandatory,ratio,Percentage of Primary school has RAMPS for Physically challenged persons,Number of Primary School has Ramps for Physically Challenged Persons,Number of Primary schools in GP,https://pai.gov.in/MMS/Indicator/Theme-Indicators.aspx?t=3&s=1,2026-09-06T06:50:29Z
PAI 1.0,2022-2023,3,t3_child_friendly_panchayat,314,Mandatory,ratio,Percentage of Primary school has Play ground,Number of Primary School has Play Ground,Number of Primary schools in GP,https://pai.gov.in/MMS/Indicator/Theme-Indicators.aspx?t=3&s=1,2026-09-06T06:50:29Z
PAI 1.0,2022-2023,3,t3_child_friendly_panchayat,316,Mandatory,ratio,Percentage of Anganwadis having computers for Children,Number of Anganwadis have Computer/mobile phone for Children,Number of Anganwadis in GP,https://pai.gov.in/MMS/Indicator/Theme-Indicators.aspx?t=3&s=1,2026-09-06T06:50:29Z
PAI 1.0,2022-2023,3,t3_child_friendly_panchayat,395,Optional,ratio,Percentage of Children age 6-59 months who are anaemic (<11.0g/dl),Children aged 6-59 months who are anemic,Total Number of children in age group 6-59 months,https://pai.gov.in/MMS/Indicator/Theme-Indicators.aspx?t=3&s=1,2026-09-06T06:50:29Z
PAI 1.0,2022-2023,3,t3_child_friendly_panchayat,431,Mandatory,ratio,Child Sex Ratio (0-6 years),Number of Girls in the age group 0-6 years,Number of Boys in the age group 0-6 years,https://pai.gov.in/MMS/Indicator/Theme-Indicators.aspx?t=3&s=1,2026-09-06T06:50:29Z
PAI 1.0,2022-2023,3,t3_child_friendly_panchayat,439,Mandatory,binary,Whether any Missing Children reported from Gram Panchayat during reference year,Number of missing children reported,,https://pai.gov.in/MMS/Indicator/Theme-Indicators.aspx?t=3&s=1,2026-09-06T06:50:29Z
PAI 1.0,2022-2023,3,t3_child_friendly_panchayat,443,Mandatory,binary,Whether Child Marriage has been reported from Gram Panchayat during reference year,Number of Child Marriage reported,,https://pai.gov.in/MMS/Indicator/Theme-Indicators.aspx?t=3&s=1,2026-09-06T06:50:29Z
PAI 1.0,2022-2023,3,t3_child_friendly_panchayat,550,Mandatory,ratio,Percentage of maternal death to live birth,Maternal Deaths during the reference year,Live births of child during reference year,https://pai.gov.in/MMS/Indicator/Theme-Indicators.aspx?t=3&s=1,2026-09-06T06:50:29Z
PAI 1.0,2022-2023,3,t3_child_friendly_panchayat,595,Mandatory,ratio,Percentage of primary Schools have a hygienic Kitchen,Number of Primary School has a kitchen,Number of Primary schools in GP,https://pai.gov.in/MMS/Indicator/Theme-Indicators.aspx?t=3&s=1,2026-09-06T06:50:29Z
PAI 1.0,2022-2023,3,t3_child_friendly_panchayat,596,Mandatory,ratio,Percentage of Primary Schools having Children with Special Needs (CWSN) toilet,Total Number of Schools having Special Education in GP,Number of Schools,https://pai.gov.in/MMS/Indicator/Theme-Indicators.aspx?t=3&s=1,2026-09-06T06:50:29Z
PAI 1.0,2022-2023,4,t4_water_sufficient_panchayat,36,Mandatory,ratio,Percentage of Household with Water Tap connections,Number of Households with Water Tap connections,Total Households,https://pai.gov.in/MMS/Indicator/Theme-Indicators.aspx?t=4&s=1,2026-09-06T06:50:29Z
PAI 1.0,2022-2023,4,t4_water_sufficient_panchayat,152,Mandatory,ratio,Percentage of Households not covered by Pipe Water Supply,Total number of Households not covered by Pipe Water Supply(PWS),Total Households,https://pai.gov.in/MMS/Indicator/Theme-Indicators.aspx?t=4&s=1,2026-09-06T06:50:29Z
PAI 1.0,2022-2023,4,t4_water_sufficient_panchayat,154,Mandatory,binary,Whether Water supply unhindered to tail end Household,Whether Water supply unhindered to tail end Household (HH),,https://pai.gov.in/MMS/Indicator/Theme-Indicators.aspx?t=4&s=1,2026-09-06T06:50:29Z
PAI 1.0,2022-2023,4,t4_water_sufficient_panchayat,155,Mandatory,ratio,"Percentage coverage of Water supply in Schools, Anganwadis and Public Institutions","Number of schools, Anganwadis and public institutions with water supply","Total number of schools, Anganwadis and public institutions",https://pai.gov.in/MMS/Indicator/Theme-Indicators.aspx?t=4&s=1,2026-09-06T06:50:29Z
PAI 1.0,2022-2023,4,t4_water_sufficient_panchayat,156,Mandatory,binary,Whether 100% testing of drinking water sources is done in Gram Panchayat by using Field Testing Kit (FTK),"Whether 100% testing of drinking water sources, using Field Testing Kit(FTK), including private sources and sanitary inspection is done by Panchayat",,https://pai.gov.in/MMS/Indicator/Theme-Indicators.aspx?t=4&s=1,2026-09-06T06:50:29Z
PAI 1.0,2022-2023,4,t4_water_sufficient_panchayat,157,Mandatory,ratio,Percentage of Water sample testing using Field Test Kit,Number of Water Sample tested using Field Testing Kit (FTK),Total number of tests conducted,https://pai.gov.in/MMS/Indicator/Theme-Indicators.aspx?t=4&s=1,2026-09-06T06:50:29Z
PAI 1.0,2022-2023,4,t4_water_sufficient_panchayat,158,Mandatory,binary,Whether the drinking water source is well maintained. No waste water enters into the source and well protected from any contamination,Whether the drinking water source is well maintained. no waste water enters into the source and well protected from any contamination,,https://pai.gov.in/MMS/Indicator/Theme-Indicators.aspx?t=4&s=1,2026-09-06T06:50:29Z
PAI 1.0,2022-2023,4,t4_water_sufficient_panchayat,162,Mandatory,ratio,Percentage Availability of toilets separately for men and women at public buildings,Number of public buildings having toilets separately for men and women,Number of public buildings,https://pai.gov.in/MMS/Indicator/Theme-Indicators.aspx?t=4&s=1,2026-09-06T06:50:29Z
PAI 1.0,2022-2023,4,t4_water_sufficient_panchayat,163,Mandatory,ratio,Percentage Availability of toilets separately for men and women at Schools,Number of Schools having toilets separately for boys and girls,Number of Schools,https://pai.gov.in/MMS/Indicator/Theme-Indicators.aspx?t=4&s=1,2026-09-06T06:50:29Z
PAI 1.0,2022-2023,4,t4_water_sufficient_panchayat,164,Mandatory,ratio,Percentage Availability of toilets separately for men and women at markets,Number of markets having toilets separately for men and women,Number of markets in GP,https://pai.gov.in/MMS/Indicator/Theme-Indicators.aspx?t=4&s=1,2026-09-06T06:50:29Z
PAI 1.0,2022-2023,4,t4_water_sufficient_panchayat,165,Mandatory,ratio,Percentage of community and institutional toilets having a toilet designed for Divyang (Disabled),Number of community and institutional buildings having toilets designed for Divyang,Total number of community and institutional buildings with toilets,https://pai.gov.in/MMS/Indicator/Theme-Indicators.aspx?t=4&s=1,2026-09-06T06:50:29Z
PAI 1.0,2022-2023,4,t4_water_sufficient_panchayat,167,Mandatory,binary,Whether the public and institutional toilets are kept clean,Whether the public and institutional toilets are kept clean,,https://pai.gov.in/MMS/Indicator/Theme-Indicators.aspx?t=4&s=1,2026-09-06T06:50:29Z
PAI 1.0,2022-2023,4,t4_water_sufficient_panchayat,168,Mandatory,ratio,Percentage of HH having grey water discharge facility at HH level or connected to grey water drainage line,Number of HH having grey water discharge facility at HH level or connected to grey water drainage line,Total Households,https://pai.gov.in/MMS/Indicator/Theme-Indicators.aspx?t=4&s=1,2026-09-06T06:50:29Z
PAI 1.0,2022-2023,4,t4_water_sufficient_panchayat,170,Optional,ratio,Percentage of houses are having functional rainwater harvest mechanisms which are maintained well,Number of houses and building having functional Rainwater harvesting structures and well maintained,Total Number of Houses,https://pai.gov.in/MMS/Indicator/Theme-Indicators.aspx?t=4&s=1,2026-09-06T06:50:29Z
PAI 1.0,2022-2023,4,t4_water_sufficient_panchayat,172,Mandatory,ratio,"Percentage of water bodies (Ponds, Lakes, Well etc) taken up for desilting /deepening or Special repair",Number of Water bodies & Tanks de-slugged / deepened or Special repair carried out,Total number of Water Bodies & Tanks,https://pai.gov.in/MMS/Indicator/Theme-Indicators.aspx?t=4&s=1,2026-09-06T06:50:29Z
PAI 1.0,2022-2023,4,t4_water_sufficient_panchayat,173,Mandatory,binary,Whether the Village water Sanitation Committee (VWSC) is functional in the GP,Whether the Village Water Sanitation Committee (VWSC) is functional in the GP,,https://pai.gov.in/MMS/Indicator/Theme-Indicators.aspx?t=4&s=1,2026-09-06T06:50:29Z
PAI 1.0,2022-2023,4,t4_water_sufficient_panchayat,174,Optional,ratio,Agriculture holdings covered in Water User Association (WUS) to the total Agricultural holdings,Agriculture holdings covered in Water User Association (WUA),Total Agricultural holdings in GP,https://pai.gov.in/MMS/Indicator/Theme-Indicators.aspx?t=4&s=1,2026-09-06T06:50:29Z
PAI 1.0,2022-2023,4,t4_water_sufficient_panchayat,175,Optional,binary,Whether Water User Association (WUA) is Functional,Whether Water User Association(WUA) is Functional,,https://pai.gov.in/MMS/Indicator/Theme-Indicators.aspx?t=4&s=1,2026-09-06T06:50:29Z
PAI 1.0,2022-2023,4,t4_water_sufficient_panchayat,176,Mandatory,binary,Whether Panchayat do water budgeting,Whether Panchayat do water budgeting,,https://pai.gov.in/MMS/Indicator/Theme-Indicators.aspx?t=4&s=1,2026-09-06T06:50:29Z
PAI 1.0,2022-2023,4,t4_water_sufficient_panchayat,180,Mandatory,ratio,"Total GP spending on drinking water, water management and sanitation as percentage of total plan expenditure","GP expenditure on drinking water, water management and sanitation",Total GP expenditure (All Scheme),https://pai.gov.in/MMS/Indicator/Theme-Indicators.aspx?t=4&s=1,2026-09-06T06:50:29Z
PAI 1.0,2022-2023,4,t4_water_sufficient_panchayat,181,Mandatory,ratio,Percentage of Individual Household Latrine (IHHL) Toilets,Number of IHHL Toilets,Total Number of Toilets in GP,https://pai.gov.in/MMS/Indicator/Theme-Indicators.aspx?t=4&s=1,2026-09-06T06:50:29Z
PAI 1.0,2022-2023,5,t5_clean_and_green_panchayat,181,Mandatory,ratio,Percentage of Individual Household Latrine (IHHL) Toilets,Number of IHHL Toilets,Total Number of Toilets in GP,https://pai.gov.in/MMS/Indicator/Theme-Indicators.aspx?t=5&s=1,2026-09-06T06:50:29Z
PAI 1.0,2022-2023,5,t5_clean_and_green_panchayat,182,Mandatory,ratio,Percentage of households having access to safe toilets,Number of Households having access to Safe Toilets,Total Households,https://pai.gov.in/MMS/Indicator/Theme-Indicators.aspx?t=5&s=1,2026-09-06T06:50:29Z
PAI 1.0,2022-2023,5,t5_clean_and_green_panchayat,184,Mandatory,ratio,Percentage availability of toilets separately for men and women at public buildings and markets,Number of public buildings and markets having at least one separate toilet for men and Women,Total Number of public buildings and markets,https://pai.gov.in/MMS/Indicator/Theme-Indicators.aspx?t=5&s=1,2026-09-06T06:50:29Z
PAI 1.0,2022-2023,5,t5_clean_and_green_panchayat,185,Mandatory,ratio,Percentage of community toilets having a toilet designed for Divyang (Disabled),Number of community toilets having a toilets designed for Divyang,Total number of community toilets,https://pai.gov.in/MMS/Indicator/Theme-Indicators.aspx?t=5&s=1,2026-09-06T06:50:29Z
PAI 1.0,2022-2023,5,t5_clean_and_green_panchayat,186,Optional,ratio,Percentage of community Toilets having water facility & soap for hand washing.,Number of community Toilets having water facility & soap for hand washing,Total number of community toilets,https://pai.gov.in/MMS/Indicator/Theme-Indicators.aspx?t=5&s=1,2026-09-06T06:50:29Z
PAI 1.0,2022-2023,5,t5_clean_and_green_panchayat,187,Mandatory,ratio,Percentage of village in GP having facility with Waste collection & segregation sheds,Number of village in GP having facility with Waste collection & segregation sheds,Total number of village in GP,https://pai.gov.in/MMS/Indicator/Theme-Indicators.aspx?t=5&s=1,2026-09-06T06:50:29Z
PAI 1.0,2022-2023,5,t5_clean_and_green_panchayat,188,Optional,ratio,Percentage of Institutions and businesses segregating the dry and wet garbage,Number of institutions and businesses segregating the dry and wet waste,Total number of institutions and businesses,https://pai.gov.in/MMS/Indicator/Theme-Indicators.aspx?t=5&s=1,2026-09-06T06:50:29Z
PAI 1.0,2022-2023,5,t5_clean_and_green_panchayat,189,Mandatory,binary,"Whether the Scientific disposal / recovery of non-biodegradable wastes (plastic, glass, metal, etc.) is practiced","Whether the Scientific disposal / recovery of non-biodegradable wastes (plastic, glass, metal, etc.) is practiced",,https://pai.gov.in/MMS/Indicator/Theme-Indicators.aspx?t=5&s=1,2026-09-06T06:50:29Z
PAI 1.0,2022-2023,5,t5_clean_and_green_panchayat,190,Mandatory,binary,Whether the Scientific treatment of biodegradable waste is being done,Whether the Scientific treatment of biodegradable waste is being done,,https://pai.gov.in/MMS/Indicator/Theme-Indicators.aspx?t=5&s=1,2026-09-06T06:50:29Z
PAI 1.0,2022-2023,5,t5_clean_and_green_panchayat,191,Mandatory,binary,Whether the Safety measures followed for the sanitation workers in GP,Whether the Safety measures followed for the sanitation workers in GP,,https://pai.gov.in/MMS/Indicator/Theme-Indicators.aspx?t=5&s=1,2026-09-06T06:50:29Z
PAI 1.0,2022-2023,5,t5_clean_and_green_panchayat,194,Mandatory,ratio,Percentage of houses having no stagnant waste water around them,Number of Households having no stagnant waste water around them,Total Households,https://pai.gov.in/MMS/Indicator/Theme-Indicators.aspx?t=5&s=1,2026-09-06T06:50:29Z
PAI 1.0,2022-2023,5,t5_clean_and_green_panchayat,195,Optional,ratio,Percentage of households connected to some form of sewage treatment system,Number of Households connected to sewage treatment system,Total Households,https://pai.gov.in/MMS/Indicator/Theme-Indicators.aspx?t=5&s=1,2026-09-06T06:50:29Z
PAI 1.0,2022-2023,5,t5_clean_and_green_panchayat,196,Mandatory,ratio,Percentage of village in GP having arrangement of Liquid Waste Management,Number of village in GP having arrangement of Liquid Waste Management,Total number of village in GP,https://pai.gov.in/MMS/Indicator/Theme-Indicators.aspx?t=5&s=1,2026-09-06T06:50:29Z
PAI 1.0,2022-2023,5,t5_clean_and_green_panchayat,197,Mandatory,ratio,Percentage of village in GPs having arrangement of Solid Waste Management,Number of village in GP having arrangement of Solid Waste Management,Total number of village in GP,https://pai.gov.in/MMS/Indicator/Theme-Indicators.aspx?t=5&s=1,2026-09-06T06:50:29Z
PAI 1.0,2022-2023,5,t5_clean_and_green_panchayat,199,Mandatory,binary,Whether the Gram Panchayat has banned single use plastic?,Has the panchayat banned single use plastic?,,https://pai.gov.in/MMS/Indicator/Theme-Indicators.aspx?t=5&s=1,2026-09-06T06:50:29Z
PAI 1.0,2022-2023,5,t5_clean_and_green_panchayat,200,Mandatory,ratio,Percentage of household using clean cooking fuel,Number of households using clean cooking fuel,Total Households,https://pai.gov.in/MMS/Indicator/Theme-Indicators.aspx?t=5&s=1,2026-09-06T06:50:29Z
PAI 1.0,2022-2023,5,t5_clean_and_green_panchayat,201,Mandatory,ratio,Percentage of street light for which Renewable Energy is used,Number of street lights using renewable energy,Total Number of street lights,https://pai.gov.in/MMS/Indicator/Theme-Indicators.aspx?t=5&s=1,2026-09-06T06:50:29Z
PAI 1.0,2022-2023,5,t5_clean_and_green_panchayat,202,Optional,ratio,Percentage of pump set for which Renewable Energy is used,Number of pump sets using renewable energy,Total Number of pump sets,https://pai.gov.in/MMS/Indicator/Theme-Indicators.aspx?t=5&s=1,2026-09-06T06:50:29Z
PAI 1.0,2022-2023,5,t5_clean_and_green_panchayat,203,Mandatory,ratio,Percentage of lighting systems using LED lights including street lights,Number of lighting systems including street lights using LED,Total number of lighting systems including street lights,https://pai.gov.in/MMS/Indicator/Theme-Indicators.aspx?t=5&s=1,2026-09-06T06:50:29Z
PAI 1.0,2022-2023,5,t5_clean_and_green_panchayat,205,Optional,ratio,Percentage use of nitrogenous fertilizer to total fertilizer,Consumption of Nitrogenous fertilizer during the reference year,Consumption of total fertilizer during the reference year,https://pai.gov.in/MMS/Indicator/Theme-Indicators.aspx?t=5&s=1,2026-09-06T06:50:29Z
PAI 1.0,2022-2023,5,t5_clean_and_green_panchayat,206,Optional,binary,Whether there is adequate infrastructure facilities for fishing,Whether there is adequate infrastructure facilities for fishing,,https://pai.gov.in/MMS/Indicator/Theme-Indicators.aspx?t=5&s=1,2026-09-06T06:50:29Z
PAI 1.0,2022-2023,5,t5_clean_and_green_panchayat,207,Optional,ratio,Percentage of Fishers in Fish Farmer Producers organization (FFPOs),Number of Fisher Man and Women in Fish Farmer Producer Organization,Total number of fishers,https://pai.gov.in/MMS/Indicator/Theme-Indicators.aspx?t=5&s=1,2026-09-06T06:50:29Z
PAI 1.0,2022-2023,5,t5_clean_and_green_panchayat,208,Optional,ratio,Percentage of Fishers having received any assistance from Govt for improvement in Fisheries,Number of Fisher Men and Women received any assistance from Govt for improvement in Fisheries,Total number of fishers,https://pai.gov.in/MMS/Indicator/Theme-Indicators.aspx?t=5&s=1,2026-09-06T06:50:29Z
PAI 1.0,2022-2023,5,t5_clean_and_green_panchayat,209,Optional,ratio,Proportion of tree cover to total geographical area,Area under Tree Cover,Total area of GP,https://pai.gov.in/MMS/Indicator/Theme-Indicators.aspx?t=5&s=1,2026-09-06T06:50:29Z
PAI 1.0,2022-2023,5,t5_clean_and_green_panchayat,210,Mandatory,binary,Is there a committee functioning in the GP for environmental conservation?,Is there a committee functioning in the GP for environmental conservation?,,https://pai.gov.in/MMS/Indicator/Theme-Indicators.aspx?t=5&s=1,2026-09-06T06:50:29Z
PAI 1.0,2022-2023,5,t5_clean_and_green_panchayat,211,Mandatory,binary,Whether the People Bio-diversity Register is updated by Gram Panchayat ?,Whether the People Bio-diversity Register is updated by GP ?,,https://pai.gov.in/MMS/Indicator/Theme-Indicators.aspx?t=5&s=1,2026-09-06T06:50:29Z
PAI 1.0,2022-2023,5,t5_clean_and_green_panchayat,213,Optional,ratio,Percentage of restoration of water bodies in the hilly areas,Number of Water Bodies restored in the hilly areas,Total number of Water Bodies & Tanks,https://pai.gov.in/MMS/Indicator/Theme-Indicators.aspx?t=5&s=1,2026-09-06T06:50:29Z
PAI 1.0,2022-2023,5,t5_clean_and_green_panchayat,214,Optional,ratio,Percentage of plant nurseries created in the panchayat to land area,Number of plant nurseries created in GP,Total area of GP,https://pai.gov.in/MMS/Indicator/Theme-Indicators.aspx?t=5&s=1,2026-09-06T06:50:29Z
PAI 1.0,2022-2023,5,t5_clean_and_green_panchayat,215,Optional,ratio,Percentage of Trees Planted per hectare under Social Forestry Program in the Village,Number of Trees Planted under Social Forestry Program in the Village,Total area of GP,https://pai.gov.in/MMS/Indicator/Theme-Indicators.aspx?t=5&s=1,2026-09-06T06:50:29Z
PAI 1.0,2022-2023,5,t5_clean_and_green_panchayat,216,Optional,ratio,"Proportion of Area in high slope areas, barren lands and other common lands covered by trees.","Area in high slope areas, barren lands and other common lands covered by trees.","Total area under high slope areas, barren lands and other common lands",https://pai.gov.in/MMS/Indicator/Theme-Indicators.aspx?t=5&s=1,2026-09-06T06:50:29Z
PAI 1.0,2022-2023,5,t5_clean_and_green_panchayat,218,Mandatory,binary,Whether the nurseries created in the school in the GP,Whether the nurseries created in the school in the GP,,https://pai.gov.in/MMS/Indicator/Theme-Indicators.aspx?t=5&s=1,2026-09-06T06:50:29Z
PAI 1.0,2022-2023,5,t5_clean_and_green_panchayat,219,Optional,ratio,Percentage of fallow area restored,Fallow land area restored in GP,Area under Fallow land,https://pai.gov.in/MMS/Indicator/Theme-Indicators.aspx?t=5&s=1,2026-09-06T06:50:29Z
PAI 1.0,2022-2023,5,t5_clean_and_green_panchayat,221,Mandatory,ratio,"Percentage of local government spending on environmental protection, Toilets, Waste management, Clean Energy, Sustainable Agriculture out of total GP expenditure","GP spending on on environmental protection, Toilets, Waste management, Clean Energy, Sustainable Agriculture",Total GP expenditure (All Scheme),https://pai.gov.in/MMS/Indicator/Theme-Indicators.aspx?t=5&s=1,2026-09-06T06:50:29Z
PAI 1.0,2022-2023,6,t6_self_sufficient_infrastructure_in_panchayat,32,Mandatory,binary,Whether the Gram Panchayat has the Disaster Management Plan,Whether the Panchayat has prepared the Disaster Management Plan,,https://pai.gov.in/MMS/Indicator/Theme-Indicators.aspx?t=6&s=1,2026-09-06T06:50:29Z
PAI 1.0,2022-2023,6,t6_self_sufficient_infrastructure_in_panchayat,97,Mandatory,ratio,"Percentage of Anganwadi Center having own building with basic facilities ( Electricity, Drinking Water & Toilet) in Gram Panchayat",Number of Anganwadis have their own building,Number of Anganwadis in GP,https://pai.gov.in/MMS/Indicator/Theme-Indicators.aspx?t=6&s=1,2026-09-06T06:50:29Z
PAI 1.0,2022-2023,6,t6_self_sufficient_infrastructure_in_panchayat,98,Mandatory,ratio,Percentage of Anganwadis having access to Adequate and Safe drinking water,Number of Anganwadis have Adequate and Safe drinking water,Number of Anganwadis in GP,https://pai.gov.in/MMS/Indicator/Theme-Indicators.aspx?t=6&s=1,2026-09-06T06:50:29Z
PAI 1.0,2022-2023,6,t6_self_sufficient_infrastructure_in_panchayat,108,Mandatory,ratio,Percentage of Anganwadis having Electricity,Number of Anganwadis have Electricity,Number of Anganwadis in GP,https://pai.gov.in/MMS/Indicator/Theme-Indicators.aspx?t=6&s=1,2026-09-06T06:50:29Z
PAI 1.0,2022-2023,6,t6_self_sufficient_infrastructure_in_panchayat,111,Mandatory,ratio,percentage of primary schools have Boundary walls/fencing & gate,Number of Primary school has Boundary wall/fencing & gate,Number of Primary schools in GP,https://pai.gov.in/MMS/Indicator/Theme-Indicators.aspx?t=6&s=1,2026-09-06T06:50:29Z
PAI 1.0,2022-2023,6,t6_self_sufficient_infrastructure_in_panchayat,121,Mandatory,ratio,Percentage of Primary school has Kitchen garden,Number of Primary School has Kitchen Garden,Number of Primary schools in GP,https://pai.gov.in/MMS/Indicator/Theme-Indicators.aspx?t=6&s=1,2026-09-06T06:50:29Z
PAI 1.0,2022-2023,6,t6_self_sufficient_infrastructure_in_panchayat,125,Mandatory,binary,Whether the GP has child friendly park with required facilities,Whether the GP has child friendly park with required facilities,,https://pai.gov.in/MMS/Indicator/Theme-Indicators.aspx?t=6&s=1,2026-09-06T06:50:29Z
PAI 1.0,2022-2023,6,t6_self_sufficient_infrastructure_in_panchayat,222,Mandatory,binary,Whether GP has own building,Whether GP has own building (Panchayat Bhawan),,https://pai.gov.in/MMS/Indicator/Theme-Indicators.aspx?t=6&s=1,2026-09-06T06:50:29Z
PAI 1.0,2022-2023,6,t6_self_sufficient_infrastructure_in_panchayat,223,Mandatory,binary,Whether GP building has Electricity,Whether GP building has Electricity,,https://pai.gov.in/MMS/Indicator/Theme-Indicators.aspx?t=6&s=1,2026-09-06T06:50:29Z
PAI 1.0,2022-2023,6,t6_self_sufficient_infrastructure_in_panchayat,224,Mandatory,binary,Whether GP building has Clean & safe drinking water,Whether GP building has Clean & safe drinking water,,https://pai.gov.in/MMS/Indicator/Theme-Indicators.aspx?t=6&s=1,2026-09-06T06:50:29Z
PAI 1.0,2022-2023,6,t6_self_sufficient_infrastructure_in_panchayat,225,Mandatory,binary,Whether GP building has Furniture,Whether GP building has Furniture,,https://pai.gov.in/MMS/Indicator/Theme-Indicators.aspx?t=6&s=1,2026-09-06T06:50:29Z
PAI 1.0,2022-2023,6,t6_self_sufficient_infrastructure_in_panchayat,226,Mandatory,binary,Whether GP building has Computer with Internet facility,Whether GP building has Computer with Internet facility,,https://pai.gov.in/MMS/Indicator/Theme-Indicators.aspx?t=6&s=1,2026-09-06T06:50:29Z
PAI 1.0,2022-2023,6,t6_self_sufficient_infrastructure_in_panchayat,227,Mandatory,binary,Whether GP building has Meeting Hall,Whether GP building has Meeting Hall,,https://pai.gov.in/MMS/Indicator/Theme-Indicators.aspx?t=6&s=1,2026-09-06T06:50:29Z
PAI 1.0,2022-2023,6,t6_self_sufficient_infrastructure_in_panchayat,228,Mandatory,binary,Whether GP building has Waiting Hall,Whether GP building has Waiting Hall,,https://pai.gov.in/MMS/Indicator/Theme-Indicators.aspx?t=6&s=1,2026-09-06T06:50:29Z
PAI 1.0,2022-2023,6,t6_self_sufficient_infrastructure_in_panchayat,229,Mandatory,binary,Whether GP building has Clean Toilets,Whether GP building has Clean Toilets,,https://pai.gov.in/MMS/Indicator/Theme-Indicators.aspx?t=6&s=1,2026-09-06T06:50:29Z
PAI 1.0,2022-2023,6,t6_self_sufficient_infrastructure_in_panchayat,230,Mandatory,binary,Whether GP building has Over head Tank,Whether GP building has Over head Tank,,https://pai.gov.in/MMS/Indicator/Theme-Indicators.aspx?t=6&s=1,2026-09-06T06:50:29Z
PAI 1.0,2022-2023,6,t6_self_sufficient_infrastructure_in_panchayat,231,Mandatory,binary,Whether GP building has Ramps for Physically challenged children/persons,Whether GP building has Ramps for Physically challenged children/persons,,https://pai.gov.in/MMS/Indicator/Theme-Indicators.aspx?t=6&s=1,2026-09-06T06:50:29Z
PAI 1.0,2022-2023,6,t6_self_sufficient_infrastructure_in_panchayat,234,Mandatory,ratio,Percentage of Anganwadis having Colourful Wall Painting,Number of Anganwadis have Colourful Wall Painting,Number of Anganwadis in GP,https://pai.gov.in/MMS/Indicator/Theme-Indicators.aspx?t=6&s=1,2026-09-06T06:50:29Z
PAI 1.0,2022-2023,6,t6_self_sufficient_infrastructure_in_panchayat,236,Mandatory,ratio,Percentage of Anganwadis having Open space for outdoor activities,Number of Anganwadis have Open spaces for outdoor activities,Number of Anganwadis in GP,https://pai.gov.in/MMS/Indicator/Theme-Indicators.aspx?t=6&s=1,2026-09-06T06:50:29Z
PAI 1.0,2022-2023,6,t6_self_sufficient_infrastructure_in_panchayat,237,Mandatory,ratio,Percentage of Anganwadis having First Aid Box & Medicine Kit,Number of Anganwadis have a First Aid Box and medicine Kit,Number of Anganwadis in GP,https://pai.gov.in/MMS/Indicator/Theme-Indicators.aspx?t=6&s=1,2026-09-06T06:50:29Z
PAI 1.0,2022-2023,6,t6_self_sufficient_infrastructure_in_panchayat,238,Mandatory,ratio,Percentage of Anganwadis having Weighing Machine,Number of Anganwadis have a Weighing Machine,Number of Anganwadis in GP,https://pai.gov.in/MMS/Indicator/Theme-Indicators.aspx?t=6&s=1,2026-09-06T06:50:29Z
PAI 1.0,2022-2023,6,t6_self_sufficient_infrastructure_in_panchayat,239,Mandatory,ratio,Percentage of Anganwadis having Community Growth Chart and Mother and Child Protection Card,Number of Anganwadis has a Community Growth Chart and MCP Card,Number of Anganwadis in GP,https://pai.gov.in/MMS/Indicator/Theme-Indicators.aspx?t=6&s=1,2026-09-06T06:50:29Z
PAI 1.0,2022-2023,6,t6_self_sufficient_infrastructure_in_panchayat,240,Mandatory,ratio,Percentage of Anganwadis having a Smartphone for Anganwadi Workers,Number of Anganwadi have Smartphones for Anganwadi Workers(AWWs),Number of Anganwadis in GP,https://pai.gov.in/MMS/Indicator/Theme-Indicators.aspx?t=6&s=1,2026-09-06T06:50:29Z
PAI 1.0,2022-2023,6,t6_self_sufficient_infrastructure_in_panchayat,241,Mandatory,ratio,Percentage of Anganwadis having Ramps for Physically challenged children/persons,Number of Anganwadis have RAMPS for Physically challenged children/persons,Number of Anganwadis in GP,https://pai.gov.in/MMS/Indicator/Theme-Indicators.aspx?t=6&s=1,2026-09-06T06:50:29Z
PAI 1.0,2022-2023,6,t6_self_sufficient_infrastructure_in_panchayat,242,Mandatory,ratio,Percentage of Anganwadis having cooked food/supply of SNP or having gas connection for cooking meal etc,Number of Anganwadi have regular supply of SNP & Gas Connection,Number of Anganwadis in GP,https://pai.gov.in/MMS/Indicator/Theme-Indicators.aspx?t=6&s=1,2026-09-06T06:50:29Z
PAI 1.0,2022-2023,6,t6_self_sufficient_infrastructure_in_panchayat,244,Mandatory,ratio,Percentage of Anganwadis having Nutrition Garden,Number of Anganwadis have a Nutrition Garden,Number of Anganwadis in GP,https://pai.gov.in/MMS/Indicator/Theme-Indicators.aspx?t=6&s=1,2026-09-06T06:50:29Z
PAI 1.0,2022-2023,6,t6_self_sufficient_infrastructure_in_panchayat,245,Mandatory,binary,Is there a Public Health Center (PHC)or Health Sub Center(HSC) in the village?,Is there a PHC or HSC in the village?,,https://pai.gov.in/MMS/Indicator/Theme-Indicators.aspx?t=6&s=1,2026-09-06T06:50:29Z
PAI 1.0,2022-2023,6,t6_self_sufficient_infrastructure_in_panchayat,246,Mandatory,binary,"If Public Health Center(PHC)/Health Sub Center(HSC) is there, then: Whether the PHC/HSC has Own building","If PHC/HSC is there, then: Whether the PHC/HSC has own building",,https://pai.gov.in/MMS/Indicator/Theme-Indicators.aspx?t=6&s=1,2026-09-06T06:50:29Z
PAI 1.0,2022-2023,6,t6_self_sufficient_infrastructure_in_panchayat,247,Mandatory,binary,"If Public Health Center (PHC)/Health Sub Center(HSC) is there, then Whether the PHC/ HSC has boundary wall and gate","If PHC/HSC is there, then Whether the PHC/ HSC has boundary wall and gate",,https://pai.gov.in/MMS/Indicator/Theme-Indicators.aspx?t=6&s=1,2026-09-06T06:50:29Z
PAI 1.0,2022-2023,6,t6_self_sufficient_infrastructure_in_panchayat,248,Mandatory,binary,"If Public Health Center (PHC)/Health Sub Center(HSC) is there, then whether the PHC/HSC has Electricity","If PHC/HSC is there, then whether the PHC/HSC has Electricity",,https://pai.gov.in/MMS/Indicator/Theme-Indicators.aspx?t=6&s=1,2026-09-06T06:50:29Z
PAI 1.0,2022-2023,6,t6_self_sufficient_infrastructure_in_panchayat,249,Mandatory,binary,"If Public Health Center(PHC)/Health Sub Center(HSC) is there, then whether the PHC/HSC has dedicated Telephone/Mobile Phone","If PHC/HSC is there, then whether the PHC/HSC has Telephone",,https://pai.gov.in/MMS/Indicator/Theme-Indicators.aspx?t=6&s=1,2026-09-06T06:50:29Z
PAI 1.0,2022-2023,6,t6_self_sufficient_infrastructure_in_panchayat,250,Mandatory,binary,"If Public Health Center (PHC)/Health Sub Center(HSC) is there, then whether the PHC/HSC has internet facility","If PHC/HSC is there, then whether the PHC/HSC has internet facility",,https://pai.gov.in/MMS/Indicator/Theme-Indicators.aspx?t=6&s=1,2026-09-06T06:50:29Z
PAI 1.0,2022-2023,6,t6_self_sufficient_infrastructure_in_panchayat,251,Mandatory,binary,"If Public Health Center (PHC)/Health Sub Center(HSC) is there, then whether the PHC/HSC has Adequate furniture","If PHC/HSC is there, then whether the PHC/HSC has Adequate furniture",,https://pai.gov.in/MMS/Indicator/Theme-Indicators.aspx?t=6&s=1,2026-09-06T06:50:29Z
PAI 1.0,2022-2023,6,t6_self_sufficient_infrastructure_in_panchayat,252,Mandatory,binary,"If Public Health Center (PHC)/Health Sub Center (HSC) is there, then whether the PHC/HSC has Adequate Technically Trained Manpower","If PHC/HSC is there, then whether the PHC/HSC has Adequate Technically Trained Manpower",,https://pai.gov.in/MMS/Indicator/Theme-Indicators.aspx?t=6&s=1,2026-09-06T06:50:29Z
PAI 1.0,2022-2023,6,t6_self_sufficient_infrastructure_in_panchayat,253,Mandatory,binary,"If Public Health Center (PHC)/Health Sub Center (HSC) is there, then whether the PHC/HSC has Adequate & functional equipment as per National Health Mission(NHM) Guidelines","If PHC/HSC is there, then whether the PHC/HSC has Adequate & functional equipment as per NHM Guidelines",,https://pai.gov.in/MMS/Indicator/Theme-Indicators.aspx?t=6&s=1,2026-09-06T06:50:29Z
PAI 1.0,2022-2023,6,t6_self_sufficient_infrastructure_in_panchayat,254,Mandatory,binary,"If Public Health Center(PHC)/Health Sub Center(HSC) is there, then whether the PHC/HSC has Available of sufficient quantity of Medicines","If PHC/HSC is there, then whether the PHC/HSC has Available of sufficient quantity of Medicines",,https://pai.gov.in/MMS/Indicator/Theme-Indicators.aspx?t=6&s=1,2026-09-06T06:50:29Z
PAI 1.0,2022-2023,6,t6_self_sufficient_infrastructure_in_panchayat,255,Mandatory,binary,"If Public Health Center(PHC)/Health Sub Center(HSC) is there, then whether the PHC/HSC has Referral service facility (Ambulance)","If PHC/HSC is there, then whether the PHC/HSC has Referral service facility (Ambulance)",,https://pai.gov.in/MMS/Indicator/Theme-Indicators.aspx?t=6&s=1,2026-09-06T06:50:29Z
PAI 1.0,2022-2023,6,t6_self_sufficient_infrastructure_in_panchayat,256,Mandatory,binary,"If Public Health Center (PHC)/Health Sub Center(HSC) is there, then whether the PHC/HSC has Adequate space","If PHC/HSC is there, then whether the PHC/HSC has Adequate space",,https://pai.gov.in/MMS/Indicator/Theme-Indicators.aspx?t=6&s=1,2026-09-06T06:50:29Z
PAI 1.0,2022-2023,6,t6_self_sufficient_infrastructure_in_panchayat,257,Mandatory,binary,"If Public Health Center (PHC)/Health Sub Center(HSC) is there, then whether the PHC/HSC has sitting arrangement in waiting area","If PHC/HSC is there, then whether the PHC/HSC has sitting arrangement in waiting area",,https://pai.gov.in/MMS/Indicator/Theme-Indicators.aspx?t=6&s=1,2026-09-06T06:50:29Z
PAI 1.0,2022-2023,6,t6_self_sufficient_infrastructure_in_panchayat,258,Mandatory,binary,"If Public Health Center (PHC)/Health Sub Center (HSC)is there, then whether the PHC/HSC has Adequate water supply with water storage facility","If PHC/HSC is there, then whether the PHC/HSC has Adequate water supply with water storage facility",,https://pai.gov.in/MMS/Indicator/Theme-Indicators.aspx?t=6&s=1,2026-09-06T06:50:29Z
PAI 1.0,2022-2023,6,t6_self_sufficient_infrastructure_in_panchayat,259,Mandatory,binary,"If Public Health Center(PHC)/Health Sub Center(HSC) is there, then whether the PHC/HSC has Toilet with Adequate water supply for male and female separately","If PHC/HSC is there, then whether the PHC/HSC has Toilet with Adequate water supply for male and female separately",,https://pai.gov.in/MMS/Indicator/Theme-Indicators.aspx?t=6&s=1,2026-09-06T06:50:29Z
PAI 1.0,2022-2023,6,t6_self_sufficient_infrastructure_in_panchayat,260,Mandatory,binary,"If Public Health Center (PHC)/Health Sub Center (HSC) is there, then whether the PHC/HSC has Firefighting equipment","If PHC/HSC is there, then whether the PHC/HSC has Firefighting equipment",,https://pai.gov.in/MMS/Indicator/Theme-Indicators.aspx?t=6&s=1,2026-09-06T06:50:29Z
PAI 1.0,2022-2023,6,t6_self_sufficient_infrastructure_in_panchayat,261,Mandatory,binary,"If Public Health Center (PHC)/Health Sub Center(HSC) is there, then whether the PHC/HSC has Containment zone for disposal of waste products","If PHC/HSC is there, then whether the PHC/HSC has Containment zone for disposal of waste products",,https://pai.gov.in/MMS/Indicator/Theme-Indicators.aspx?t=6&s=1,2026-09-06T06:50:29Z
PAI 1.0,2022-2023,6,t6_self_sufficient_infrastructure_in_panchayat,262,Mandatory,binary,"If Publi Health Center (PHC)/Health Sub Center(HSC) is there, then whether the PHC/HSC has Display posters (IEC)/ develop IEC corner for health education","If PHC/HSC is there, then whether the PHC/HSC has Display posters (IEC)/ develop IEC corner for health education",,https://pai.gov.in/MMS/Indicator/Theme-Indicators.aspx?t=6&s=1,2026-09-06T06:50:29Z
PAI 1.0,2022-2023,6,t6_self_sufficient_infrastructure_in_panchayat,263,Mandatory,binary,"If Public Health Center(PHC)/Health Sub Center (HSC) is there, then whether the PHC/HSC has RAMPS for Physically challenged children/persons","If PHC/HSC is there, then whether the PHC/HSC has RAMPS for Physically challenged children/persons",,https://pai.gov.in/MMS/Indicator/Theme-Indicators.aspx?t=6&s=1,2026-09-06T06:50:29Z
PAI 1.0,2022-2023,6,t6_self_sufficient_infrastructure_in_panchayat,264,Mandatory,binary,"If Public Health Center(PHC)/Health Sub Center (HSC) is not there, then does the Panchayat has road access to nearest Public Health Center (PHC)/Health Sub Center (HSC)?","If PHC/HSC is not there, then does the Panchayat has road access to nearest PHC/HSC?",,https://pai.gov.in/MMS/Indicator/Theme-Indicators.aspx?t=6&s=1,2026-09-06T06:50:29Z
PAI 1.0,2022-2023,6,t6_self_sufficient_infrastructure_in_panchayat,265,Optional,binary,Is there a Livestock aid centre in the village?,Is there a Livestock aid centre in the village?,,https://pai.gov.in/MMS/Indicator/Theme-Indicators.aspx?t=6&s=1,2026-09-06T06:50:29Z
PAI 1.0,2022-2023,6,t6_self_sufficient_infrastructure_in_panchayat,266,Optional,binary,"If Livestock Aid center is not there, Whether the GP has facility center for Livestock Treatment shed withTreves","If Livestock Aid center is not there, Whether the GP has facility center for Livestock Treatment shed with Treves",,https://pai.gov.in/MMS/Indicator/Theme-Indicators.aspx?t=6&s=1,2026-09-06T06:50:29Z
PAI 1.0,2022-2023,6,t6_self_sufficient_infrastructure_in_panchayat,267,Optional,binary,"If Livestock Aid center is not there, Whether the GP has facility center for Livestock with Adequate water supply &water storage facility","If Livestock Aid center is not there, Whether the GP has facility center for Livestock with Adequate water supply &water storage facility",,https://pai.gov.in/MMS/Indicator/Theme-Indicators.aspx?t=6&s=1,2026-09-06T06:50:29Z
PAI 1.0,2022-2023,6,t6_self_sufficient_infrastructure_in_panchayat,268,Optional,binary,"If Livestock Aid center is not there, Whether theGP facility center for Livestock has Containment zone for disposal of waste products","If Livestock Aid center is not there, Whether theGP facility center for Livestock has Containment zone for disposal of waste products",,https://pai.gov.in/MMS/Indicator/Theme-Indicators.aspx?t=6&s=1,2026-09-06T06:50:29Z
PAI 1.0,2022-2023,6,t6_self_sufficient_infrastructure_in_panchayat,269,Optional,binary,"If Livestock Aid center is not there, Whether the GP facility center for Livestock has Wall should carry posters Information Education Communication(IEC) for health education.","If Livestock Aid center is not there, Whether the GP facility center for Livestock has Walls that should carry posters (IEC) for health education.",,https://pai.gov.in/MMS/Indicator/Theme-Indicators.aspx?t=6&s=1,2026-09-06T06:50:29Z
PAI 1.0,2022-2023,6,t6_self_sufficient_infrastructure_in_panchayat,270,Optional,binary,"If Livestock Aid center is not there,Whether the GP facility center for Livestock has Immediate and primary treatment to the ailing animals","If Livestock Aid center is not there,Whether the GP facility center for Livestock has Immediate and primary treatment to the ailing animals",,https://pai.gov.in/MMS/Indicator/Theme-Indicators.aspx?t=6&s=1,2026-09-06T06:50:29Z
PAI 1.0,2022-2023,6,t6_self_sufficient_infrastructure_in_panchayat,271,Optional,binary,"If Livestock Aid center is not there, Whether the GP facility center for Livestock has 100% Vaccination coverage of different vaccine preven diseases (VPD) for different animals","If Livestock Aid center is not there, Whether the GP facility center for Livestock has 100% Vaccination coverage of different vaccine preventable diseases (VPD) for different animals",,https://pai.gov.in/MMS/Indicator/Theme-Indicators.aspx?t=6&s=1,2026-09-06T06:50:29Z
PAI 1.0,2022-2023,6,t6_self_sufficient_infrastructure_in_panchayat,272,Optional,binary,"If Livestock Aid center is not there, Whether the GP facility center for Livestock has 100% Insurance coverage","If Livestock Aid center is not there, Whether the GP facility center for Livestock has 100% Insurance coverage",,https://pai.gov.in/MMS/Indicator/Theme-Indicators.aspx?t=6&s=1,2026-09-06T06:50:29Z
PAI 1.0,2022-2023,6,t6_self_sufficient_infrastructure_in_panchayat,273,Optional,binary,"If Livestock Aid center is not there, Whether the GP facility center for Livestock has 100% Deworming","If Livestock Aid center is not there, Whether the GP facility center for Livestock has 100% Deworming",,https://pai.gov.in/MMS/Indicator/Theme-Indicators.aspx?t=6&s=1,2026-09-06T06:50:29Z
PAI 1.0,2022-2023,6,t6_self_sufficient_infrastructure_in_panchayat,274,Optional,binary,"If Livestock Aid center is not there, Whether the GP facility center for Livestock Organizing Health camp in each month regularly","If Livestock Aid center is not there, Whether the GP facility center for Livestock Organizing Health camp in each month regularly",,https://pai.gov.in/MMS/Indicator/Theme-Indicators.aspx?t=6&s=1,2026-09-06T06:50:29Z
PAI 1.0,2022-2023,6,t6_self_sufficient_infrastructure_in_panchayat,275,Optional,binary,"If Livestock Aid center is not there, Whether the GP facility center for Livestock has imparted need based training to livestock farmers","If Livestock Aid center is not there, Whether the GP facility center for Livestock has imparted need based training to livestock farmers",,https://pai.gov.in/MMS/Indicator/Theme-Indicators.aspx?t=6&s=1,2026-09-06T06:50:29Z
PAI 1.0,2022-2023,6,t6_self_sufficient_infrastructure_in_panchayat,276,Optional,binary,"If Livestock aid centre is there, then: Whether the Livestock Aid Centre has Own building","If Livestock aid centre is there, then: Whether the Livestock Aid Centre has Own building",,https://pai.gov.in/MMS/Indicator/Theme-Indicators.aspx?t=6&s=1,2026-09-06T06:50:29Z
PAI 1.0,2022-2023,6,t6_self_sufficient_infrastructure_in_panchayat,277,Optional,binary,"If Livestock aid centre is there, then Whether the Livestock Aid Centre has boundary wall and gate","If Livestock aid centre is there, then Whether the Livestock Aid Centre has boundary wall and gate",,https://pai.gov.in/MMS/Indicator/Theme-Indicators.aspx?t=6&s=1,2026-09-06T06:50:29Z
PAI 1.0,2022-2023,6,t6_self_sufficient_infrastructure_in_panchayat,278,Optional,binary,"If Livestock aid centre is there, then Whether the Livestock Aid Centre has Electricity","If Livestock aid centre is there, then Whether the Livestock Aid Centre has Electricity",,https://pai.gov.in/MMS/Indicator/Theme-Indicators.aspx?t=6&s=1,2026-09-06T06:50:29Z
PAI 1.0,2022-2023,6,t6_self_sufficient_infrastructure_in_panchayat,279,Optional,binary,"If Livestock aid centre is there, then Whether the Livestock Aid Centre has Telephone","If Livestock aid centre is there, then Whether the Livestock Aid Centre has Telephone",,https://pai.gov.in/MMS/Indicator/Theme-Indicators.aspx?t=6&s=1,2026-09-06T06:50:29Z
PAI 1.0,2022-2023,6,t6_self_sufficient_infrastructure_in_panchayat,280,Optional,binary,"If Livestock aid centre is there, then Whether the Livestock Aid Centre has Internet connection","If Livestock aid centre is there, then Whether the Livestock Aid Centre has Internet connection",,https://pai.gov.in/MMS/Indicator/Theme-Indicators.aspx?t=6&s=1,2026-09-06T06:50:29Z
PAI 1.0,2022-2023,6,t6_self_sufficient_infrastructure_in_panchayat,281,Optional,binary,"If Livestock aid centre is there, then Whether the Livestock Aid Centre has Refrigerator","If Livestock aid centre is there, then Whether the Livestock Aid Centre has Refrigerator",,https://pai.gov.in/MMS/Indicator/Theme-Indicators.aspx?t=6&s=1,2026-09-06T06:50:29Z
PAI 1.0,2022-2023,6,t6_self_sufficient_infrastructure_in_panchayat,282,Optional,binary,"If Livestock aid centre is there, then Whether the Livestock Aid Centre has Treatment shed with Treves","If Livestock aid centre is there, then Whether the Livestock Aid Centre has Treatment shed with Treves",,https://pai.gov.in/MMS/Indicator/Theme-Indicators.aspx?t=6&s=1,2026-09-06T06:50:29Z
PAI 1.0,2022-2023,6,t6_self_sufficient_infrastructure_in_panchayat,283,Optional,binary,"If Livestock aid centre is there, then Whether the Livestock Aid Centre has Adequate Manpower ( L I, Vaccinator)","If Livestock aid centre is there, then Whether the Livestock Aid Centre has Adequate Manpower ( L I, Vaccinator)",,https://pai.gov.in/MMS/Indicator/Theme-Indicators.aspx?t=6&s=1,2026-09-06T06:50:29Z
PAI 1.0,2022-2023,6,t6_self_sufficient_infrastructure_in_panchayat,284,Optional,binary,"If Livestock aid centre is there, then Whether the Livestock Aid Centre has Attendant, Sanitation worker-cum-watch man) for providing services 24 X 7","If Livestock aid centre is there, then Whether the Livestock Aid Centre has Attendant, Sanitation worker-cum-watch man) for providing services 24 X 7",,https://pai.gov.in/MMS/Indicator/Theme-Indicators.aspx?t=6&s=1,2026-09-06T06:50:29Z
PAI 1.0,2022-2023,6,t6_self_sufficient_infrastructure_in_panchayat,285,Optional,binary,"If Livestock aid centre is there, then Whether the Livestock Aid Centre has Adequate & functional equipment","If Livestock aid centre is there, then Whether the Livestock Aid Centre has Adequate & functional equipment",,https://pai.gov.in/MMS/Indicator/Theme-Indicators.aspx?t=6&s=1,2026-09-06T06:50:29Z
PAI 1.0,2022-2023,6,t6_self_sufficient_infrastructure_in_panchayat,286,Optional,binary,"If Livestock aid centre is there, then Whether the Livestock Aid Centre has Adequate furniture for medicine, instrument &minor operation","If Livestock aid centre is there, then Whether the Livestock Aid Centre has Adequate furniture for medicine, instrument &minor operation",,https://pai.gov.in/MMS/Indicator/Theme-Indicators.aspx?t=6&s=1,2026-09-06T06:50:29Z
PAI 1.0,2022-2023,6,t6_self_sufficient_infrastructure_in_panchayat,287,Optional,binary,"If Livestock aid centre is there, then Whether the Livestock Aid Centre has Available of sufficient quantity of Medicines","If Livestock aid centre is there, then Whether the Livestock Aid Centre has Available of sufficient quantity of Medicines",,https://pai.gov.in/MMS/Indicator/Theme-Indicators.aspx?t=6&s=1,2026-09-06T06:50:29Z
PAI 1.0,2022-2023,6,t6_self_sufficient_infrastructure_in_panchayat,288,Optional,binary,"If Livestock aid centre is there, then Whether the Livestock Aid Centre has Fully equipped small Operation Theater and labour room","If Livestock aid centre is there, then Whether the Livestock Aid Centre has Fully equipped small OT and labour room",,https://pai.gov.in/MMS/Indicator/Theme-Indicators.aspx?t=6&s=1,2026-09-06T06:50:29Z
PAI 1.0,2022-2023,6,t6_self_sufficient_infrastructure_in_panchayat,289,Optional,binary,"If Livestock aid centre is there, then Whether the Livestock Aid Centre has Referral service","If Livestock aid centre is there, then Whether the Livestock Aid Centre has Referral service",,https://pai.gov.in/MMS/Indicator/Theme-Indicators.aspx?t=6&s=1,2026-09-06T06:50:29Z
PAI 1.0,2022-2023,6,t6_self_sufficient_infrastructure_in_panchayat,290,Optional,binary,"If Livestock aid centre is there, then Whether the Livestock Aid Centre has Transportation / Ambulance facility","If Livestock aid centre is there, then Whether the Livestock Aid Centre has Transportation / Ambulance facility",,https://pai.gov.in/MMS/Indicator/Theme-Indicators.aspx?t=6&s=1,2026-09-06T06:50:29Z
PAI 1.0,2022-2023,6,t6_self_sufficient_infrastructure_in_panchayat,291,Optional,binary,"If Livestock aid centre is there, then Whether the Livestock Aid Centre has Adequate water supply with water storage facility","If Livestock aid centre is there, then Whether the Livestock Aid Centre has Adequate water supply with water storage facility",,https://pai.gov.in/MMS/Indicator/Theme-Indicators.aspx?t=6&s=1,2026-09-06T06:50:29Z
PAI 1.0,2022-2023,6,t6_self_sufficient_infrastructure_in_panchayat,292,Optional,binary,"If Livestock aid centre is there, then Whether the Livestock Aid Centre has Toilet with Adequate water supply for male and female separately","If Livestock aid centre is there, then Whether the Livestock Aid Centre has Toilet with Adequate water supply for male and female separately",,https://pai.gov.in/MMS/Indicator/Theme-Indicators.aspx?t=6&s=1,2026-09-06T06:50:29Z
PAI 1.0,2022-2023,6,t6_self_sufficient_infrastructure_in_panchayat,293,Optional,binary,"If Livestock aid centre is there, then Whether the Livestock Aid Centre has Containment zone for disposal of waste products","If Livestock aid centre is there, then Whether the Livestock Aid Centre has Containment zone for disposal of waste products",,https://pai.gov.in/MMS/Indicator/Theme-Indicators.aspx?t=6&s=1,2026-09-06T06:50:29Z
PAI 1.0,2022-2023,6,t6_self_sufficient_infrastructure_in_panchayat,294,Optional,binary,"If Livestock aid centre is there, then Whether the Livestock Aid Centre has Wall should carry posters (IEC) for health education.","If Livestock aid centre is there, then Whether the Livestock Aid Centre has Walls that should carry posters (IEC) for health education.",,https://pai.gov.in/MMS/Indicator/Theme-Indicators.aspx?t=6&s=1,2026-09-06T06:50:29Z
PAI 1.0,2022-2023,6,t6_self_sufficient_infrastructure_in_panchayat,295,Optional,binary,"If Livestock aid centre is there, then Whether the Livestock Aid Centre has Immediate and primary treatment to the ailing animals","If Livestock aid centre is there, then Whether the Livestock Aid Centre has Immediate and primary treatment to the ailing animals",,https://pai.gov.in/MMS/Indicator/Theme-Indicators.aspx?t=6&s=1,2026-09-06T06:50:29Z
PAI 1.0,2022-2023,6,t6_self_sufficient_infrastructure_in_panchayat,296,Optional,binary,"If Livestock aid centre is there, then Whether the Livestock Aid Centre has 100% Vaccination coverage of different vaccine preven diseases (VPD) for different animals","If Livestock aid centre is there, then Whether the Livestock Aid Centre has 100% Vaccination coverage of different vaccine preventable diseases (VPD) for different animals",,https://pai.gov.in/MMS/Indicator/Theme-Indicators.aspx?t=6&s=1,2026-09-06T06:50:29Z
PAI 1.0,2022-2023,6,t6_self_sufficient_infrastructure_in_panchayat,297,Optional,binary,"If Livestock aid centre is there, then Whether the Livestock Aid Centre has 100% Insurance coverage","If Livestock aid centre is there, then Whether the Livestock Aid Centre has 100% Insurance coverage",,https://pai.gov.in/MMS/Indicator/Theme-Indicators.aspx?t=6&s=1,2026-09-06T06:50:29Z
PAI 1.0,2022-2023,6,t6_self_sufficient_infrastructure_in_panchayat,298,Optional,binary,"If Livestock aid centre is there, then Whether the Livestock Aid Centre has 100% Deworming","If Livestock aid centre is there, then Whether the Livestock Aid Centre has 100% Deworming",,https://pai.gov.in/MMS/Indicator/Theme-Indicators.aspx?t=6&s=1,2026-09-06T06:50:29Z
PAI 1.0,2022-2023,6,t6_self_sufficient_infrastructure_in_panchayat,299,Optional,binary,"If Livestock aid centre is there, then Whether the Livestock Aid Centre has Organizing Health camp in each month regularly","If Livestock aid centre is there, then Whether the Livestock Aid Centre has Organizing Health camp in each month regularly",,https://pai.gov.in/MMS/Indicator/Theme-Indicators.aspx?t=6&s=1,2026-09-06T06:50:29Z
PAI 1.0,2022-2023,6,t6_self_sufficient_infrastructure_in_panchayat,300,Optional,binary,"If Livestock aid centre is there, then Whether the Livestock Aid Centre has Imparting need based training to livestock farmers","If Livestock aid centre is there, then Whether the Livestock Aid Centre has Imparting need based training to livestock farmers",,https://pai.gov.in/MMS/Indicator/Theme-Indicators.aspx?t=6&s=1,2026-09-06T06:50:29Z
PAI 1.0,2022-2023,6,t6_self_sufficient_infrastructure_in_panchayat,302,Mandatory,ratio,Percentage of Primary Schools have their own building in GP,Number of Primary School has own building,Number of Primary schools in GP,https://pai.gov.in/MMS/Indicator/Theme-Indicators.aspx?t=6&s=1,2026-09-06T06:50:29Z
PAI 1.0,2022-2023,6,t6_self_sufficient_infrastructure_in_panchayat,303,Mandatory,ratio,Percentage of primary schools have access to the Internet,Number of Primary schools have access to the Internet in GP,Number of Primary schools in GP,https://pai.gov.in/MMS/Indicator/Theme-Indicators.aspx?t=6&s=1,2026-09-06T06:50:29Z
PAI 1.0,2022-2023,6,t6_self_sufficient_infrastructure_in_panchayat,305,Mandatory,ratio,Percentage of primary schools have Adequate Manpower,Number of Primary school has Adequate Manpower,Number of Primary schools in GP,https://pai.gov.in/MMS/Indicator/Theme-Indicators.aspx?t=6&s=1,2026-09-06T06:50:29Z
PAI 1.0,2022-2023,6,t6_self_sufficient_infrastructure_in_panchayat,306,Mandatory,ratio,Percentage of primary schools have Electricity,Number of Primary school has Electricity,Number of Primary schools in GP,https://pai.gov.in/MMS/Indicator/Theme-Indicators.aspx?t=6&s=1,2026-09-06T06:50:29Z
PAI 1.0,2022-2023,6,t6_self_sufficient_infrastructure_in_panchayat,307,Mandatory,ratio,Percentage of primary schools have Telephone,Number of Primary school has a Telephone,Number of Primary schools in GP,https://pai.gov.in/MMS/Indicator/Theme-Indicators.aspx?t=6&s=1,2026-09-06T06:50:29Z
PAI 1.0,2022-2023,6,t6_self_sufficient_infrastructure_in_panchayat,308,Mandatory,ratio,Percentage of Primary School has Library,Number of Primary School has Library,Number of Primary schools in GP,https://pai.gov.in/MMS/Indicator/Theme-Indicators.aspx?t=6&s=1,2026-09-06T06:50:29Z
PAI 1.0,2022-2023,6,t6_self_sufficient_infrastructure_in_panchayat,309,Mandatory,ratio,Percentage of primary school has computer,Number of Primary School has computer,Number of Primary schools in GP,https://pai.gov.in/MMS/Indicator/Theme-Indicators.aspx?t=6&s=1,2026-09-06T06:50:29Z
PAI 1.0,2022-2023,6,t6_self_sufficient_infrastructure_in_panchayat,310,Mandatory,ratio,Percentage of primary schools have adequate Furniture,Number of primary school has adequate Furniture,Number of Primary schools in GP,https://pai.gov.in/MMS/Indicator/Theme-Indicators.aspx?t=6&s=1,2026-09-06T06:50:29Z
PAI 1.0,2022-2023,6,t6_self_sufficient_infrastructure_in_panchayat,311,Mandatory,ratio,Percentage of Primary school has Drinking water Facilities,Number of Primary School has Drinking Water Facilities,Number of Primary schools in GP,https://pai.gov.in/MMS/Indicator/Theme-Indicators.aspx?t=6&s=1,2026-09-06T06:50:29Z
PAI 1.0,2022-2023,6,t6_self_sufficient_infrastructure_in_panchayat,312,Mandatory,ratio,Percentage of Primary school has Separate Child Friendly toilets for girls and boys,Number of Primary School has Separate Child Friendly Toilet for girls and boys,Number of Primary schools in GP,https://pai.gov.in/MMS/Indicator/Theme-Indicators.aspx?t=6&s=1,2026-09-06T06:50:29Z
PAI 1.0,2022-2023,6,t6_self_sufficient_infrastructure_in_panchayat,313,Mandatory,ratio,Percentage of Primary school has RAMPS for Physically challenged persons,Number of Primary School has Ramps for Physically Challenged Persons,Number of Primary schools in GP,https://pai.gov.in/MMS/Indicator/Theme-Indicators.aspx?t=6&s=1,2026-09-06T06:50:29Z
PAI 1.0,2022-2023,6,t6_self_sufficient_infrastructure_in_panchayat,314,Mandatory,ratio,Percentage of Primary school has Play ground,Number of Primary School has Play Ground,Number of Primary schools in GP,https://pai.gov.in/MMS/Indicator/Theme-Indicators.aspx?t=6&s=1,2026-09-06T06:50:29Z
PAI 1.0,2022-2023,6,t6_self_sufficient_infrastructure_in_panchayat,316,Mandatory,ratio,Percentage of Anganwadis having computers for Children,Number of Anganwadis have Computer/mobile phone for Children,Number of Anganwadis in GP,https://pai.gov.in/MMS/Indicator/Theme-Indicators.aspx?t=6&s=1,2026-09-06T06:50:29Z
PAI 1.0,2022-2023,6,t6_self_sufficient_infrastructure_in_panchayat,317,Mandatory,binary,Whether Common Service Center(CSC) is functioning in Panchayat building?,Whether CSC is functioning in Panchayat building?,,https://pai.gov.in/MMS/Indicator/Theme-Indicators.aspx?t=6&s=1,2026-09-06T06:50:29Z
PAI 1.0,2022-2023,6,t6_self_sufficient_infrastructure_in_panchayat,318,Mandatory,binary,"If not, Whether Common Service Center (CSC)Functioning is in rented building",Whether CSC Functioning is in rented building,,https://pai.gov.in/MMS/Indicator/Theme-Indicators.aspx?t=6&s=1,2026-09-06T06:50:29Z
PAI 1.0,2022-2023,6,t6_self_sufficient_infrastructure_in_panchayat,319,Mandatory,binary,Whether the Common Service Center (CSC) has Electricity,Whether the CSC has Electricity,,https://pai.gov.in/MMS/Indicator/Theme-Indicators.aspx?t=6&s=1,2026-09-06T06:50:29Z
PAI 1.0,2022-2023,6,t6_self_sufficient_infrastructure_in_panchayat,320,Mandatory,binary,Whether the Common Service Center has Drinking water facility,Whether the CSC has Drinking water facility,,https://pai.gov.in/MMS/Indicator/Theme-Indicators.aspx?t=6&s=1,2026-09-06T06:50:29Z
PAI 1.0,2022-2023,6,t6_self_sufficient_infrastructure_in_panchayat,321,Mandatory,binary,Whether the Common Service Center has Toilet Facility,Whether the CSC has Toilet Facility,,https://pai.gov.in/MMS/Indicator/Theme-Indicators.aspx?t=6&s=1,2026-09-06T06:50:29Z
PAI 1.0,2022-2023,6,t6_self_sufficient_infrastructure_in_panchayat,322,Mandatory,binary,Whether the Common Service Center has Furniture,Whether the CSC has Furniture,,https://pai.gov.in/MMS/Indicator/Theme-Indicators.aspx?t=6&s=1,2026-09-06T06:50:29Z
PAI 1.0,2022-2023,6,t6_self_sufficient_infrastructure_in_panchayat,323,Mandatory,binary,Whether the Common Service Center (CSC) has Manpower,Whether the CSC has Manpower,,https://pai.gov.in/MMS/Indicator/Theme-Indicators.aspx?t=6&s=1,2026-09-06T06:50:29Z
PAI 1.0,2022-2023,6,t6_self_sufficient_infrastructure_in_panchayat,324,Mandatory,binary,Whether the Common Service Center has Computer with Internet facility,Whether the CSC has Computer with Internet facility,,https://pai.gov.in/MMS/Indicator/Theme-Indicators.aspx?t=6&s=1,2026-09-06T06:50:29Z
PAI 1.0,2022-2023,6,t6_self_sufficient_infrastructure_in_panchayat,325,Mandatory,binary,Whether the Common Service Center has Printer,Whether the CSC has Printer,,https://pai.gov.in/MMS/Indicator/Theme-Indicators.aspx?t=6&s=1,2026-09-06T06:50:29Z
PAI 1.0,2022-2023,6,t6_self_sufficient_infrastructure_in_panchayat,326,Mandatory,binary,Whether the Common Service Center has 2 PC's with UPS with battery backup or por generator set,Whether the CSC has 2 PC's with UPS with battery backup or portable generator set.,,https://pai.gov.in/MMS/Indicator/Theme-Indicators.aspx?t=6&s=1,2026-09-06T06:50:29Z
PAI 1.0,2022-2023,6,t6_self_sufficient_infrastructure_in_panchayat,327,Mandatory,binary,Whether the Common Service Center (CSC) has Web Cam,Whether the CSC has Web Cam,,https://pai.gov.in/MMS/Indicator/Theme-Indicators.aspx?t=6&s=1,2026-09-06T06:50:29Z
PAI 1.0,2022-2023,6,t6_self_sufficient_infrastructure_in_panchayat,328,Mandatory,binary,Whether the Common Service Center has Biometric/IRIS Authentication Scanner,Whether the CSC has Biometric/IRIS Authentication Scanner,,https://pai.gov.in/MMS/Indicator/Theme-Indicators.aspx?t=6&s=1,2026-09-06T06:50:29Z
PAI 1.0,2022-2023,6,t6_self_sufficient_infrastructure_in_panchayat,329,Mandatory,binary,Whether the Common Service Center has Information Board on different services available at CSC,Whether the CSC has Information Board on different services available at CSC,,https://pai.gov.in/MMS/Indicator/Theme-Indicators.aspx?t=6&s=1,2026-09-06T06:50:29Z
PAI 1.0,2022-2023,6,t6_self_sufficient_infrastructure_in_panchayat,330,Mandatory,binary,Whether the CSC has Adequate Waiting space,Whether the CSC has Adequate Waiting space,,https://pai.gov.in/MMS/Indicator/Theme-Indicators.aspx?t=6&s=1,2026-09-06T06:50:29Z
PAI 1.0,2022-2023,6,t6_self_sufficient_infrastructure_in_panchayat,331,Optional,binary,Whether Common Facility Centre (CFC) has A room to store all machineries,Whether Common Facility Centre (CFC) has a room to store all machineries,,https://pai.gov.in/MMS/Indicator/Theme-Indicators.aspx?t=6&s=1,2026-09-06T06:50:29Z
PAI 1.0,2022-2023,6,t6_self_sufficient_infrastructure_in_panchayat,332,Optional,binary,Whether Common Facility Centre (CFC) has Electricity,Whether Common Facility Centre (CFC) has Electricity,,https://pai.gov.in/MMS/Indicator/Theme-Indicators.aspx?t=6&s=1,2026-09-06T06:50:29Z
PAI 1.0,2022-2023,6,t6_self_sufficient_infrastructure_in_panchayat,333,Optional,binary,Whether Common Facility Centre (CFC) has Procurement of farm machineries as per the requirement,Whether Common Facility Centre (CFC) has Procurement of farm machineries as per the requirement,,https://pai.gov.in/MMS/Indicator/Theme-Indicators.aspx?t=6&s=1,2026-09-06T06:50:29Z
PAI 1.0,2022-2023,6,t6_self_sufficient_infrastructure_in_panchayat,334,Optional,binary,Whether Library cum Information Center has access to Electricity,Whether Library cum Information center has access to Electricity,,https://pai.gov.in/MMS/Indicator/Theme-Indicators.aspx?t=6&s=1,2026-09-06T06:50:29Z
PAI 1.0,2022-2023,6,t6_self_sufficient_infrastructure_in_panchayat,335,Optional,binary,Whether Library cum Information Center has access to Toilet,Whether Library cum Information center has access to Toilet,,https://pai.gov.in/MMS/Indicator/Theme-Indicators.aspx?t=6&s=1,2026-09-06T06:50:29Z
PAI 1.0,2022-2023,6,t6_self_sufficient_infrastructure_in_panchayat,336,Optional,binary,Whether Library cum Information Center has access to Safe Drinking water,Whether Library cum Information center has access to Safe Drinking water,,https://pai.gov.in/MMS/Indicator/Theme-Indicators.aspx?t=6&s=1,2026-09-06T06:50:29Z
PAI 1.0,2022-2023,6,t6_self_sufficient_infrastructure_in_panchayat,337,Optional,binary,"Whether Library cum Information Center has access to Books, Journals and Periodicals","Whether Library cum Information center has Books, Journals and Periodicals",,https://pai.gov.in/MMS/Indicator/Theme-Indicators.aspx?t=6&s=1,2026-09-06T06:50:29Z
PAI 1.0,2022-2023,6,t6_self_sufficient_infrastructure_in_panchayat,338,Optional,binary,Whether Library cum Information Center has access to Computer and Audio Visual (AV) aid,Whether Library cum Information center has access to Computer and Audio Visual Aid,,https://pai.gov.in/MMS/Indicator/Theme-Indicators.aspx?t=6&s=1,2026-09-06T06:50:29Z
PAI 1.0,2022-2023,6,t6_self_sufficient_infrastructure_in_panchayat,339,Mandatory,binary,Whether GP has a Community Hall,Whether GP has a Community Hall or not,,https://pai.gov.in/MMS/Indicator/Theme-Indicators.aspx?t=6&s=1,2026-09-06T06:50:29Z
PAI 1.0,2022-2023,6,t6_self_sufficient_infrastructure_in_panchayat,340,Mandatory,binary,"If Gram Panchayat has a Community Hall, then: Whether Community Hall has Electricity","If GP has a Community Hall, then: Whether Community Hall has Electricity",,https://pai.gov.in/MMS/Indicator/Theme-Indicators.aspx?t=6&s=1,2026-09-06T06:50:29Z
PAI 1.0,2022-2023,6,t6_self_sufficient_infrastructure_in_panchayat,341,Mandatory,binary,"If Gram Panchayat has a Community Hall, then Whether Community Hall has Furniture","If GP has a Community Hall, then Whether Community Hall has Furniture",,https://pai.gov.in/MMS/Indicator/Theme-Indicators.aspx?t=6&s=1,2026-09-06T06:50:29Z
PAI 1.0,2022-2023,6,t6_self_sufficient_infrastructure_in_panchayat,342,Mandatory,binary,"If Gram Panchayat has a Community Hall, then Whether Community Hall has Water supply","If GP has a Community Hall, then Whether Community Hall has Water supply",,https://pai.gov.in/MMS/Indicator/Theme-Indicators.aspx?t=6&s=1,2026-09-06T06:50:29Z
PAI 1.0,2022-2023,6,t6_self_sufficient_infrastructure_in_panchayat,343,Mandatory,binary,"If Gram Panchayat has a Community Hall, then Whether Community Hall has Toilet with water supply for female and male separately","If GP has a Community Hall, then Whether Community Hall has Toilet with water supply for female and male separately",,https://pai.gov.in/MMS/Indicator/Theme-Indicators.aspx?t=6&s=1,2026-09-06T06:50:29Z
PAI 1.0,2022-2023,6,t6_self_sufficient_infrastructure_in_panchayat,344,Mandatory,binary,"If Gram Panchayat has a Community Hall, then Whether Community Hall has Kitchen","If GP has a Community Hall, then Whether Community Hall has Kitchen",,https://pai.gov.in/MMS/Indicator/Theme-Indicators.aspx?t=6&s=1,2026-09-06T06:50:29Z
PAI 1.0,2022-2023,6,t6_self_sufficient_infrastructure_in_panchayat,345,Optional,binary,Whether the GP has SHG Building with access to Electricity,Whether the GP has SHG Building with access to Electricity,,https://pai.gov.in/MMS/Indicator/Theme-Indicators.aspx?t=6&s=1,2026-09-06T06:50:29Z
PAI 1.0,2022-2023,6,t6_self_sufficient_infrastructure_in_panchayat,346,Optional,binary,Whether the GP has Self Help Group Building with access to Toilet with water supply,Whether the GP has SHG Building with access to Toilet with water supply,,https://pai.gov.in/MMS/Indicator/Theme-Indicators.aspx?t=6&s=1,2026-09-06T06:50:29Z
PAI 1.0,2022-2023,6,t6_self_sufficient_infrastructure_in_panchayat,347,Mandatory,binary,Availability of roads to all villages in Gram Panchayat,Availability of roads to all villages in Gram Panchayat,,https://pai.gov.in/MMS/Indicator/Theme-Indicators.aspx?t=6&s=1,2026-09-06T06:50:29Z
PAI 1.0,2022-2023,6,t6_self_sufficient_infrastructure_in_panchayat,348,Mandatory,binary,Road Connectivity from GP to main Road,Road- Connectivity from GP to main Road,,https://pai.gov.in/MMS/Indicator/Theme-Indicators.aspx?t=6&s=1,2026-09-06T06:50:29Z
PAI 1.0,2022-2023,6,t6_self_sufficient_infrastructure_in_panchayat,349,Mandatory,binary,Road- Proper lighting facility in Gram Panchayat/ Panchayat Samiti road,Road- Proper lighting facility in GP /PS road,,https://pai.gov.in/MMS/Indicator/Theme-Indicators.aspx?t=6&s=1,2026-09-06T06:50:29Z
PAI 1.0,2022-2023,6,t6_self_sufficient_infrastructure_in_panchayat,351,Mandatory,binary,Whether GP has adequate overhead tank capacity or serve by other neighbourhood water tank,Whether GP has Adequate overhead Tank capacity,,https://pai.gov.in/MMS/Indicator/Theme-Indicators.aspx?t=6&s=1,2026-09-06T06:50:29Z
PAI 1.0,2022-2023,6,t6_self_sufficient_infrastructure_in_panchayat,352,Mandatory,binary,Whether GP has Pipeline connection for water supply to all houses,Whether GP has Pipeline connection for water supply to all houses,,https://pai.gov.in/MMS/Indicator/Theme-Indicators.aspx?t=6&s=1,2026-09-06T06:50:29Z
PAI 1.0,2022-2023,6,t6_self_sufficient_infrastructure_in_panchayat,353,Mandatory,binary,Whether GP has Adequate water sources,Whether GP has Adequate water sources,,https://pai.gov.in/MMS/Indicator/Theme-Indicators.aspx?t=6&s=1,2026-09-06T06:50:29Z
PAI 1.0,2022-2023,6,t6_self_sufficient_infrastructure_in_panchayat,354,Mandatory,binary,Whether GP has Construction of Water treatment plant,Whether GP has Construction of Water treatment plant,,https://pai.gov.in/MMS/Indicator/Theme-Indicators.aspx?t=6&s=1,2026-09-06T06:50:29Z
PAI 1.0,2022-2023,6,t6_self_sufficient_infrastructure_in_panchayat,355,Mandatory,binary,Whether GP has Pump house with water pump,Whether GP has Pump house with water pump,,https://pai.gov.in/MMS/Indicator/Theme-Indicators.aspx?t=6&s=1,2026-09-06T06:50:29Z
PAI 1.0,2022-2023,6,t6_self_sufficient_infrastructure_in_panchayat,356,Mandatory,ratio,Percentage of street light installed to street lights required,Number of Street light installed,Total number of Street Lights required,https://pai.gov.in/MMS/Indicator/Theme-Indicators.aspx?t=6&s=1,2026-09-06T06:50:29Z
PAI 1.0,2022-2023,6,t6_self_sufficient_infrastructure_in_panchayat,357,Mandatory,binary,Whether street light provided in other public places for ensuring the safety,Whether street light provided in other public places for ensuring the safety,,https://pai.gov.in/MMS/Indicator/Theme-Indicators.aspx?t=6&s=1,2026-09-06T06:50:29Z
PAI 1.0,2022-2023,6,t6_self_sufficient_infrastructure_in_panchayat,358,Mandatory,binary,Whether the Burial /Cremation Ground has basic facility of Water,Whether the Burial /Cremation Ground has basic facility of Water,,https://pai.gov.in/MMS/Indicator/Theme-Indicators.aspx?t=6&s=1,2026-09-06T06:50:29Z
PAI 1.0,2022-2023,6,t6_self_sufficient_infrastructure_in_panchayat,359,Mandatory,binary,Whether the Burial /Cremation Ground has basic facility of Approach Road,Whether the Burial /Cremation Ground has basic facility of Approach Road,,https://pai.gov.in/MMS/Indicator/Theme-Indicators.aspx?t=6&s=1,2026-09-06T06:50:29Z
PAI 1.0,2022-2023,6,t6_self_sufficient_infrastructure_in_panchayat,360,Mandatory,binary,Whether the Burial /Cremation Ground has basic facility of Shed,Whether the Burial /Cremation Ground has basic facility of Shed,,https://pai.gov.in/MMS/Indicator/Theme-Indicators.aspx?t=6&s=1,2026-09-06T06:50:29Z
PAI 1.0,2022-2023,6,t6_self_sufficient_infrastructure_in_panchayat,361,Mandatory,binary,Whether the Burial /Cremation Ground has basic facility of Light,Whether the Burial /Cremation Ground has basic facility of Light,,https://pai.gov.in/MMS/Indicator/Theme-Indicators.aspx?t=6&s=1,2026-09-06T06:50:29Z
PAI 1.0,2022-2023,6,t6_self_sufficient_infrastructure_in_panchayat,362,Mandatory,binary,Is local market connected by all-weather road connectivity?,Is local market connected by all-weather road connectivity?,,https://pai.gov.in/MMS/Indicator/Theme-Indicators.aspx?t=6&s=1,2026-09-06T06:50:29Z
PAI 1.0,2022-2023,6,t6_self_sufficient_infrastructure_in_panchayat,363,Optional,binary,Whether the GP has easy access to Godown,Whether the GP has easy access to Godown,,https://pai.gov.in/MMS/Indicator/Theme-Indicators.aspx?t=6&s=1,2026-09-06T06:50:29Z
PAI 1.0,2022-2023,6,t6_self_sufficient_infrastructure_in_panchayat,364,Mandatory,binary,Whether there is a System for safe disposal of waste material,Whether there is a System for safe disposal of waste material,,https://pai.gov.in/MMS/Indicator/Theme-Indicators.aspx?t=6&s=1,2026-09-06T06:50:29Z
PAI 1.0,2022-2023,6,t6_self_sufficient_infrastructure_in_panchayat,365,Mandatory,binary,Whether GP has Play Ground,Whether GP has Play Ground,,https://pai.gov.in/MMS/Indicator/Theme-Indicators.aspx?t=6&s=1,2026-09-06T06:50:29Z
PAI 1.0,2022-2023,6,t6_self_sufficient_infrastructure_in_panchayat,366,Mandatory,binary,Whether GP has play ground with Green fencing and Plantation of shady trees along periphery of the playground,Whether GP has play ground with Green fencing and Plantation of shady trees along periphery of the playground,,https://pai.gov.in/MMS/Indicator/Theme-Indicators.aspx?t=6&s=1,2026-09-06T06:50:29Z
PAI 1.0,2022-2023,6,t6_self_sufficient_infrastructure_in_panchayat,367,Mandatory,binary,Whether GP has Play Ground with Installation of water facility to the playground,Whether GP has Play Ground with Installation of water facility to the playground,,https://pai.gov.in/MMS/Indicator/Theme-Indicators.aspx?t=6&s=1,2026-09-06T06:50:29Z
PAI 1.0,2022-2023,6,t6_self_sufficient_infrastructure_in_panchayat,368,Mandatory,binary,Whether GP has Play Ground with toilet for male and female separately,Whether GP has Play Ground with toilet for male and female separately,,https://pai.gov.in/MMS/Indicator/Theme-Indicators.aspx?t=6&s=1,2026-09-06T06:50:29Z
PAI 1.0,2022-2023,6,t6_self_sufficient_infrastructure_in_panchayat,369,Mandatory,binary,"Whether GP has Play Ground with boundary wall gallery, cement benches etc.","Whether GP has Play Ground with boundary wall gallery, cement benches etc. is available in Play Ground",,https://pai.gov.in/MMS/Indicator/Theme-Indicators.aspx?t=6&s=1,2026-09-06T06:50:29Z
PAI 1.0,2022-2023,6,t6_self_sufficient_infrastructure_in_panchayat,371,Mandatory,binary,"If the Gram Panchayat does not have a Disaster Management Plan, whether they have imparted training","If the GP does not have a Disaster Management Plan, whether they have imparted training",,https://pai.gov.in/MMS/Indicator/Theme-Indicators.aspx?t=6&s=1,2026-09-06T06:50:29Z
PAI 1.0,2022-2023,6,t6_self_sufficient_infrastructure_in_panchayat,372,Mandatory,binary,"If the Gram Panchayat does have a Disaster Management Plan, then: First Responders trained at the GP level","If the GP does have a Disaster Management Plan, then whether the First Responders trained at the GP level",,https://pai.gov.in/MMS/Indicator/Theme-Indicators.aspx?t=6&s=1,2026-09-06T06:50:29Z
PAI 1.0,2022-2023,6,t6_self_sufficient_infrastructure_in_panchayat,373,Optional,binary,Whether the GP has a Disaster Shelter/Community Shelter,Whether the GP has a disaster shelter,,https://pai.gov.in/MMS/Indicator/Theme-Indicators.aspx?t=6&s=1,2026-09-06T06:50:29Z
PAI 1.0,2022-2023,6,t6_self_sufficient_infrastructure_in_panchayat,374,Optional,binary,"If Disaster Shelter is available, whether the building has Electricity","If disaster shelter is available, whether the building has Electricity",,https://pai.gov.in/MMS/Indicator/Theme-Indicators.aspx?t=6&s=1,2026-09-06T06:50:29Z
PAI 1.0,2022-2023,6,t6_self_sufficient_infrastructure_in_panchayat,375,Optional,binary,"If Disaster Shelter is available, whether the building has Generator","If disaster shelter is available, whether the building has Generator",,https://pai.gov.in/MMS/Indicator/Theme-Indicators.aspx?t=6&s=1,2026-09-06T06:50:29Z
PAI 1.0,2022-2023,6,t6_self_sufficient_infrastructure_in_panchayat,376,Optional,binary,"If Disaster Shelter is available, whether the building hasToilet","If disaster shelter is available, whether the building has Toilet",,https://pai.gov.in/MMS/Indicator/Theme-Indicators.aspx?t=6&s=1,2026-09-06T06:50:29Z
PAI 1.0,2022-2023,6,t6_self_sufficient_infrastructure_in_panchayat,377,Optional,binary,"If Disaster Shelter/Community Shelter is available, whether the building has Safe Drinking Water","If disaster shelter is available, whether the building has Safe Drinking water",,https://pai.gov.in/MMS/Indicator/Theme-Indicators.aspx?t=6&s=1,2026-09-06T06:50:29Z
PAI 1.0,2022-2023,6,t6_self_sufficient_infrastructure_in_panchayat,378,Optional,binary,"If Disaster Shelter/Community Shelter is available, whether the building has utensil set","If disaster shelter is available, whether the building has Utensil set",,https://pai.gov.in/MMS/Indicator/Theme-Indicators.aspx?t=6&s=1,2026-09-06T06:50:29Z
PAI 1.0,2022-2023,6,t6_self_sufficient_infrastructure_in_panchayat,379,Optional,binary,"If Disaster Shelter is available, whether the building has Rescue Equipment","If disaster shelter is available, whether the building has Rescue Equipment",,https://pai.gov.in/MMS/Indicator/Theme-Indicators.aspx?t=6&s=1,2026-09-06T06:50:29Z
PAI 1.0,2022-2023,6,t6_self_sufficient_infrastructure_in_panchayat,380,Optional,binary,Is there any identified safe areas for domestic animals care in the event of Disaster,Is there any identified safe areas for domestic animals care in the event of Disaster,,https://pai.gov.in/MMS/Indicator/Theme-Indicators.aspx?t=6&s=1,2026-09-06T06:50:29Z
PAI 1.0,2022-2023,6,t6_self_sufficient_infrastructure_in_panchayat,382,Mandatory,ratio,Total GP spending on Infrastructure as percentage of total plan expenditure,GP expenditure on Infrastructure,Total GP expenditure (All Scheme),https://pai.gov.in/MMS/Indicator/Theme-Indicators.aspx?t=6&s=1,2026-09-06T06:50:29Z
PAI 1.0,2022-2023,6,t6_self_sufficient_infrastructure_in_panchayat,422,Mandatory,ratio,Percentage of Households living in Kuccha houses as defined in PMAY,Number of Household(HHs) living in Kutcha House,Total Households,https://pai.gov.in/MMS/Indicator/Theme-Indicators.aspx?t=6&s=1,2026-09-06T06:50:29Z
PAI 1.0,2022-2023,7,t7_socially_just_and_socially_secured_panchayat,1,Mandatory,ratio,Percentage of households in poor category as per updated NFSA - Priority Households & AAY category,Number of households in the poor category as per the updated NFSA-Priority Households & Antyodaya Anna Yojana (AAY) category,Total Households,https://pai.gov.in/MMS/Indicator/Theme-Indicators.aspx?t=7&s=1,2026-09-06T06:50:29Z
PAI 1.0,2022-2023,7,t7_socially_just_and_socially_secured_panchayat,2,Mandatory,ratio,Percentage of households in poor category as per updated NFSA - AAY category,Number of households in the poor category as per the updated NFSA-Antyodaya Anna Yojana(AAY)category,Total Households,https://pai.gov.in/MMS/Indicator/Theme-Indicators.aspx?t=7&s=1,2026-09-06T06:50:29Z
PAI 1.0,2022-2023,7,t7_socially_just_and_socially_secured_panchayat,3,Mandatory,ratio,Percentage of active workers out of enrolled persons under Mahatma Gandhi National Rural Employment Guarantee Act (MGNREGA),Number of active Workers under MGNREGS under reference year,Total no. of workers registered under MGNREGS during the reference year,https://pai.gov.in/MMS/Indicator/Theme-Indicators.aspx?t=7&s=1,2026-09-06T06:50:29Z
PAI 1.0,2022-2023,7,t7_socially_just_and_socially_secured_panchayat,4,Mandatory,ratio,Percentages of Households benefited under MGNREGA out of total households,Number of households benefited under MGNREGS,Total Households,https://pai.gov.in/MMS/Indicator/Theme-Indicators.aspx?t=7&s=1,2026-09-06T06:50:29Z
PAI 1.0,2022-2023,7,t7_socially_just_and_socially_secured_panchayat,19,Mandatory,ratio,Percentage of Households who got benefit from PMAY / any State Specific Housing Scheme,Number of Household(HH)s benefited from PMAY /any State Specific Housing Scheme,Total number of Eligible Household(HHs),https://pai.gov.in/MMS/Indicator/Theme-Indicators.aspx?t=7&s=1,2026-09-06T06:50:29Z
PAI 1.0,2022-2023,7,t7_socially_just_and_socially_secured_panchayat,20,Mandatory,ratio,Percentage of Households covered by a Health Scheme /Health Insurance of State or Central Government during the reference year,Number of households covered by a health scheme or health insurance under Aayushman Bharat Pradhan Mantri Jan Arogya Yojana or any State Govt Health Scheme/Health Insurance,Total Households,https://pai.gov.in/MMS/Indicator/Theme-Indicators.aspx?t=7&s=1,2026-09-06T06:50:29Z
PAI 1.0,2022-2023,7,t7_socially_just_and_socially_secured_panchayat,33,Mandatory,ratio,Percentage of eligible Households having Priority Household (PHH) & Antyodaya Anna Yojana (AAY) ration cards,Number of households having Priority Household (PHH) & Antyodaya Anna Yojana(AAY) Ration Cards,Total number of Households in Priority Household (PHH) & Antyodaya Anna Yojana(AAY) category,https://pai.gov.in/MMS/Indicator/Theme-Indicators.aspx?t=7&s=1,2026-09-06T06:50:29Z
PAI 1.0,2022-2023,7,t7_socially_just_and_socially_secured_panchayat,34,Mandatory,ratio,Percentage of eligible Households having Antyodaya Anna Yojana (AAY) ration cards,Number of households having Antyodaya Anna Yojana(AAY) Ration Cards,Total number of Households in Antyodaya Anna Yojana (AAY) category,https://pai.gov.in/MMS/Indicator/Theme-Indicators.aspx?t=7&s=1,2026-09-06T06:50:29Z
PAI 1.0,2022-2023,7,t7_socially_just_and_socially_secured_panchayat,47,Mandatory,ratio,Percentage of children aged under 5 years who are underweight,Total underweight Children under 5 Year,Number of children in age under 5 years,https://pai.gov.in/MMS/Indicator/Theme-Indicators.aspx?t=7&s=1,2026-09-06T06:50:29Z
PAI 1.0,2022-2023,7,t7_socially_just_and_socially_secured_panchayat,68,Mandatory,ratio,Percentage of children (0-3 years) registered under ICDS out of total eligible children (0-3 years),Total number of registered children (0-3 years) under ICDS,Total number of eligible children (0-3 years) under ICDS,https://pai.gov.in/MMS/Indicator/Theme-Indicators.aspx?t=7&s=1,2026-09-06T06:50:29Z
PAI 1.0,2022-2023,7,t7_socially_just_and_socially_secured_panchayat,69,Mandatory,ratio,Percentage of children (3-6 years) registered under ICDS out of total eligible children (3-6 years),Total number of registered children (3-6 years) under ICDS,Total number of eligible children (3-6 years) under ICDS,https://pai.gov.in/MMS/Indicator/Theme-Indicators.aspx?t=7&s=1,2026-09-06T06:50:29Z
PAI 1.0,2022-2023,7,t7_socially_just_and_socially_secured_panchayat,70,Mandatory,ratio,Percentage of Pregnant Women and lactating mothers registered under ICDS out of total eligible Pregnant Women and lactating mothers,Total number of registered Pregnant Women and Lactating Mothers under ICDS,Total number of eligible Pregnant Women and Lactating Mothers,https://pai.gov.in/MMS/Indicator/Theme-Indicators.aspx?t=7&s=1,2026-09-06T06:50:29Z
PAI 1.0,2022-2023,7,t7_socially_just_and_socially_secured_panchayat,75,Mandatory,ratio,Percentage of children under age 5 years who are wasted,Total wasted children under 5 Year,Number of children in age under 5 years,https://pai.gov.in/MMS/Indicator/Theme-Indicators.aspx?t=7&s=1,2026-09-06T06:50:29Z
PAI 1.0,2022-2023,7,t7_socially_just_and_socially_secured_panchayat,132,Mandatory,binary,Whether any POCSO cases reported in GP during the refernce year,Number of POCSO cases reported,,https://pai.gov.in/MMS/Indicator/Theme-Indicators.aspx?t=7&s=1,2026-09-06T06:50:29Z
PAI 1.0,2022-2023,7,t7_socially_just_and_socially_secured_panchayat,390,Optional,ratio,Proportion of differently abled received support for Community Based Rehabilitation CBR (through Disability Rehabilitation Centres DRC),Number of differently abled received support for Community Based Rehabilitation CBR (through Disability Rehabilitation Centres DRC),Total number of differently abled persons,https://pai.gov.in/MMS/Indicator/Theme-Indicators.aspx?t=7&s=1,2026-09-06T06:50:29Z
PAI 1.0,2022-2023,7,t7_socially_just_and_socially_secured_panchayat,391,Optional,ratio,Proportion of Mentally Challenged provided institutional assistance covered through Day Care Centres funded by the Government /Community/CSO. Women/ SC/ST /Aged,Number of Mentally Challenged Women /Elderly / SC/STs provided institutional assistance covered through Day Care Centres funded by the Government/Community/CSO.,Total number of Mentally Challenged Women /Elderly/ SC/STs.,https://pai.gov.in/MMS/Indicator/Theme-Indicators.aspx?t=7&s=1,2026-09-06T06:50:29Z
PAI 1.0,2022-2023,7,t7_socially_just_and_socially_secured_panchayat,395,Optional,ratio,Percentage of Children age 6-59 months who are anaemic (<11.0g/dl),Children aged 6-59 months who are anemic,Total Number of children in age group 6-59 months,https://pai.gov.in/MMS/Indicator/Theme-Indicators.aspx?t=7&s=1,2026-09-06T06:50:29Z
PAI 1.0,2022-2023,7,t7_socially_just_and_socially_secured_panchayat,397,Optional,binary,Did Gram Panchayat make efforts to provide palliative care to the needy?,Did GP make efforts to provide palliative care to the needy?,,https://pai.gov.in/MMS/Indicator/Theme-Indicators.aspx?t=7&s=1,2026-09-06T06:50:29Z
PAI 1.0,2022-2023,7,t7_socially_just_and_socially_secured_panchayat,398,Mandatory,ratio,Percentage of Eligible Receiving SSS - Elderly Pension,Number of Eligible Elderly receiving respective Pensions,Total number of Eligible Elderly Destitute,https://pai.gov.in/MMS/Indicator/Theme-Indicators.aspx?t=7&s=1,2026-09-06T06:50:29Z
PAI 1.0,2022-2023,7,t7_socially_just_and_socially_secured_panchayat,399,Mandatory,ratio,Percentage of Eligible Receiving SSS - Destitute Pension,Number of Eligible Destitute receiving respective Pensions,Total number of Eligible Destitute,https://pai.gov.in/MMS/Indicator/Theme-Indicators.aspx?t=7&s=1,2026-09-06T06:50:29Z
PAI 1.0,2022-2023,7,t7_socially_just_and_socially_secured_panchayat,400,Mandatory,ratio,Percentage of Eligible Receiving SSS - SC/STs destitute receiving destitute pension,Number of Eligible SC/STs destitute receiving respective Pensions,Total number of Eligible SC/STs Destitute,https://pai.gov.in/MMS/Indicator/Theme-Indicators.aspx?t=7&s=1,2026-09-06T06:50:29Z
PAI 1.0,2022-2023,7,t7_socially_just_and_socially_secured_panchayat,401,Mandatory,ratio,Percentage of Eligible Women Receiving SSS - Women destitute receiving destitute pension,Number of Eligible women Destitute receiving respective Pensions,Total number of Eligible women Destitute,https://pai.gov.in/MMS/Indicator/Theme-Indicators.aspx?t=7&s=1,2026-09-06T06:50:29Z
PAI 1.0,2022-2023,7,t7_socially_just_and_socially_secured_panchayat,406,Mandatory,binary,Whether the coverage of SC/ST beneficiaries in the Development programme is ensured,Whether the coverage of SC/ST beneficiaries in the Development programme is ensured,,https://pai.gov.in/MMS/Indicator/Theme-Indicators.aspx?t=7&s=1,2026-09-06T06:50:29Z
PAI 1.0,2022-2023,7,t7_socially_just_and_socially_secured_panchayat,407,Optional,binary,Whether the Transgender gets the eligible financial support?,Whether the transgender gets the eligible financial support?,,https://pai.gov.in/MMS/Indicator/Theme-Indicators.aspx?t=7&s=1,2026-09-06T06:50:29Z
PAI 1.0,2022-2023,7,t7_socially_just_and_socially_secured_panchayat,408,Mandatory,ratio,Percentage of persons (out of total eligible population) receiving social protection benefits under Pradhan Mantri Matritva Vandana Yojana (PMMVY) or State Specific Scheme,Total number of beneficiaries receiving social protection benefits under PMMVY State Specific Scheme during the reference year,Total number of beneficiaries enrolled under Pradhan Mantri Matru Vandana Yojana(PMMVY) State Specific Scheme during the reference year,https://pai.gov.in/MMS/Indicator/Theme-Indicators.aspx?t=7&s=1,2026-09-06T06:50:29Z
PAI 1.0,2022-2023,7,t7_socially_just_and_socially_secured_panchayat,409,Mandatory,ratio,Percentage of Differently abled persons having Ids cards,Number of Differently abled persons having Ids cards,Total number of Differently abled persons/ Women/Elderly persons/SC/STs,https://pai.gov.in/MMS/Indicator/Theme-Indicators.aspx?t=7&s=1,2026-09-06T06:50:29Z
PAI 1.0,2022-2023,7,t7_socially_just_and_socially_secured_panchayat,410,Mandatory,ratio,Percentage of Differently abled persons receiving differently abled pension,Number of Differently abled persons receiving differently abled pension,Total number of Differently abled persons/ Women/Elderly persons/SC/STs,https://pai.gov.in/MMS/Indicator/Theme-Indicators.aspx?t=7&s=1,2026-09-06T06:50:29Z
PAI 1.0,2022-2023,7,t7_socially_just_and_socially_secured_panchayat,411,Mandatory,ratio,Percentage of Differently abled persons provided with Assistive devices,Number of Differently abled persons provided with Assistive devices,Total number of Differently abled persons/ Women/Elderly persons/SC/STs,https://pai.gov.in/MMS/Indicator/Theme-Indicators.aspx?t=7&s=1,2026-09-06T06:50:29Z
PAI 1.0,2022-2023,7,t7_socially_just_and_socially_secured_panchayat,415,Optional,binary,Whether the Transgender has basic id proof?,whether the transgender has basic id proof?,,https://pai.gov.in/MMS/Indicator/Theme-Indicators.aspx?t=7&s=1,2026-09-06T06:50:29Z
PAI 1.0,2022-2023,7,t7_socially_just_and_socially_secured_panchayat,416,Mandatory,binary,Whether crime against differently abled reported from Gram Panchayat during reference year,"Whether Panchayat is tracking that crimes against women, children, aged and differently abled are reported and FIRs are filed?",,https://pai.gov.in/MMS/Indicator/Theme-Indicators.aspx?t=7&s=1,2026-09-06T06:50:29Z
PAI 1.0,2022-2023,7,t7_socially_just_and_socially_secured_panchayat,417,Mandatory,binary,"Whether the GP has made list of Vulnerable (Ultra Poor, Aged, differently abled, SC/ST, Migrants, children, women etc.,)","Whether the GP has made list of Vulnerable (Ultra Poor, Aged, differently abled, SC/ST, Migrants, children, women etc.,)",,https://pai.gov.in/MMS/Indicator/Theme-Indicators.aspx?t=7&s=1,2026-09-06T06:50:29Z
PAI 1.0,2022-2023,7,t7_socially_just_and_socially_secured_panchayat,418,Mandatory,binary,"Whether Panchayat has set up any community-based support mechanism for elderly, homeless and destitute","Whether Panchayat has set up any community-based support mechanism for elderly, homeless and destitute",,https://pai.gov.in/MMS/Indicator/Theme-Indicators.aspx?t=7&s=1,2026-09-06T06:50:29Z
PAI 1.0,2022-2023,7,t7_socially_just_and_socially_secured_panchayat,419,Mandatory,binary,Whether the Gram Panchayat is arranged for support for Victims of unforeseen circumstances,Whether the GP is arranged for support for Victims of unforeseen circumstances,,https://pai.gov.in/MMS/Indicator/Theme-Indicators.aspx?t=7&s=1,2026-09-06T06:50:29Z
PAI 1.0,2022-2023,7,t7_socially_just_and_socially_secured_panchayat,420,Mandatory,binary,Whether the Panchayat facilitates /has established a mechanism in building a livelihood for the victim if they need,Whether the Panchayat facilitates has established a mechanism in building a livelihood for the victim if they need,,https://pai.gov.in/MMS/Indicator/Theme-Indicators.aspx?t=7&s=1,2026-09-06T06:50:29Z
PAI 1.0,2022-2023,7,t7_socially_just_and_socially_secured_panchayat,421,Optional,ratio,Percentage of population covered under Aadhaar,Total Population covered by Aadhar,Total GP Population,https://pai.gov.in/MMS/Indicator/Theme-Indicators.aspx?t=7&s=1,2026-09-06T06:50:29Z
PAI 1.0,2022-2023,7,t7_socially_just_and_socially_secured_panchayat,422,Mandatory,ratio,Percentage of Households living in Kuccha houses as defined in PMAY,Number of Household(HHs) living in Kutcha House,Total Households,https://pai.gov.in/MMS/Indicator/Theme-Indicators.aspx?t=7&s=1,2026-09-06T06:50:29Z
PAI 1.0,2022-2023,7,t7_socially_just_and_socially_secured_panchayat,423,Optional,ratio,Percentage of Poor & Ultra Poor Households (covered under NFSA PHH & AAY) with functional Household Water Tap connections (FHTC),Total Poor & Ultra Poor Households (covered under NFSA PHH & AAY) having functional Household water tap connection during the reference year,Total Poor & Ultra Poor Households (covered under NFSA PHH & AAY),https://pai.gov.in/MMS/Indicator/Theme-Indicators.aspx?t=7&s=1,2026-09-06T06:50:29Z
PAI 1.0,2022-2023,7,t7_socially_just_and_socially_secured_panchayat,428,Mandatory,binary,Whether the Status of infrastructure and civic services in the SC/ST habitations is equi,whether the Status of infrastructure and civic services in the SC/ST habitations is equatable to other,,https://pai.gov.in/MMS/Indicator/Theme-Indicators.aspx?t=7&s=1,2026-09-06T06:50:29Z
PAI 1.0,2022-2023,7,t7_socially_just_and_socially_secured_panchayat,429,Mandatory,ratio,Percentage of homeless person in GP,Total number of homeless person,Total GP Population,https://pai.gov.in/MMS/Indicator/Theme-Indicators.aspx?t=7&s=1,2026-09-06T06:50:29Z
PAI 1.0,2022-2023,7,t7_socially_just_and_socially_secured_panchayat,430,Mandatory,ratio,Sex ratio at birth,Girl Live births during reference year,Male live birth during reference year,https://pai.gov.in/MMS/Indicator/Theme-Indicators.aspx?t=7&s=1,2026-09-06T06:50:29Z
PAI 1.0,2022-2023,7,t7_socially_just_and_socially_secured_panchayat,431,Mandatory,ratio,Child Sex Ratio (0-6 years),Number of Girls in the age group 0-6 years,Number of Boys in the age group 0-6 years,https://pai.gov.in/MMS/Indicator/Theme-Indicators.aspx?t=7&s=1,2026-09-06T06:50:29Z
PAI 1.0,2022-2023,7,t7_socially_just_and_socially_secured_panchayat,432,Mandatory,binary,Whether there is any out of School Girl Children (6-14 years) in GP,Number of out of school girl children in GP,,https://pai.gov.in/MMS/Indicator/Theme-Indicators.aspx?t=7&s=1,2026-09-06T06:50:29Z
PAI 1.0,2022-2023,7,t7_socially_just_and_socially_secured_panchayat,433,Mandatory,ratio,Whether dowry related cases were reported from Gram Panchayat during reference year,Number of dowry related cases reported in GP,Currently married women aged 15-49 years,https://pai.gov.in/MMS/Indicator/Theme-Indicators.aspx?t=7&s=1,2026-09-06T06:50:29Z
PAI 1.0,2022-2023,7,t7_socially_just_and_socially_secured_panchayat,436,Mandatory,ratio,Proportion of women aged 18 to 49 years who have ever experienced physical or sexual violence committed by their husband,Number of women aged 18 to 49 years who have ever experienced physical or sexual violence committed by their husband,total female population of 18-49 years,https://pai.gov.in/MMS/Indicator/Theme-Indicators.aspx?t=7&s=1,2026-09-06T06:50:29Z
PAI 1.0,2022-2023,7,t7_socially_just_and_socially_secured_panchayat,438,Mandatory,binary,Whether there is any missing Women during the refernce year,Number of Missing Women reported,,https://pai.gov.in/MMS/Indicator/Theme-Indicators.aspx?t=7&s=1,2026-09-06T06:50:29Z
PAI 1.0,2022-2023,7,t7_socially_just_and_socially_secured_panchayat,439,Mandatory,binary,Whether any Missing Children reported from Gram Panchayat during reference year,Number of missing children reported,,https://pai.gov.in/MMS/Indicator/Theme-Indicators.aspx?t=7&s=1,2026-09-06T06:50:29Z
PAI 1.0,2022-2023,7,t7_socially_just_and_socially_secured_panchayat,440,Mandatory,ratio,Whether there is any missing girl children during the reference year,Number of Missing Girl children reported,Number of missing children reported,https://pai.gov.in/MMS/Indicator/Theme-Indicators.aspx?t=7&s=1,2026-09-06T06:50:29Z
PAI 1.0,2022-2023,7,t7_socially_just_and_socially_secured_panchayat,443,Mandatory,binary,Whether Child Marriage has been reported from Gram Panchayat during reference year,Number of Child Marriage reported,,https://pai.gov.in/MMS/Indicator/Theme-Indicators.aspx?t=7&s=1,2026-09-06T06:50:29Z
PAI 1.0,2022-2023,7,t7_socially_just_and_socially_secured_panchayat,445,Mandatory,binary,"Whether cases of violence,desertion of aged persons reported during the reference year","Number of cases of violence, desertion of aged persons",,https://pai.gov.in/MMS/Indicator/Theme-Indicators.aspx?t=7&s=1,2026-09-06T06:50:29Z
PAI 1.0,2022-2023,7,t7_socially_just_and_socially_secured_panchayat,446,Optional,binary,Whether of cases of violence of differently abled reported during the reference year,Number of cases of violence of differently abled during reference year,,https://pai.gov.in/MMS/Indicator/Theme-Indicators.aspx?t=7&s=1,2026-09-06T06:50:29Z
PAI 1.0,2022-2023,7,t7_socially_just_and_socially_secured_panchayat,447,Mandatory,binary,Did GP ensure appropriate interventions for prevention of atrocities against SC/ST?,Did GP ensure appropriate interventions for prevention of atrocities against SC/ST?,,https://pai.gov.in/MMS/Indicator/Theme-Indicators.aspx?t=7&s=1,2026-09-06T06:50:29Z
PAI 1.0,2022-2023,7,t7_socially_just_and_socially_secured_panchayat,448,Mandatory,binary,Did GP ensure participation of SC/STs members including SC/ST women in meeting and committees and in various initiatives of the GP?,Did GP ensure participation of SC/STs members including SC/ST women in meeting and committees and in various initiatives of the GP?,,https://pai.gov.in/MMS/Indicator/Theme-Indicators.aspx?t=7&s=1,2026-09-06T06:50:29Z
PAI 1.0,2022-2023,7,t7_socially_just_and_socially_secured_panchayat,449,Mandatory,binary,Were members from SC/ST involved in participatory planning and projectisation?,Whether members from SC/ST involved in participatory planning and projectisation?,,https://pai.gov.in/MMS/Indicator/Theme-Indicators.aspx?t=7&s=1,2026-09-06T06:50:29Z
PAI 1.0,2022-2023,7,t7_socially_just_and_socially_secured_panchayat,450,Mandatory,binary,Whether the GP ensured SC & ST social inclusion,Whether the GP ensured SC&ST social inclusion?,,https://pai.gov.in/MMS/Indicator/Theme-Indicators.aspx?t=7&s=1,2026-09-06T06:50:29Z
PAI 1.0,2022-2023,7,t7_socially_just_and_socially_secured_panchayat,451,Mandatory,ratio,Percentage of budget allocated for welfare of SCs and STs in GP,Total Budget allocated for welfare of SC/STs in GP,Total GP Budget ( All scheme),https://pai.gov.in/MMS/Indicator/Theme-Indicators.aspx?t=7&s=1,2026-09-06T06:50:29Z
PAI 1.0,2022-2023,7,t7_socially_just_and_socially_secured_panchayat,452,Mandatory,ratio,"Total GP spending on essential services (education, health and social protection) as percentage of total plan expenditure","GP expenditure in education, health and social protection",Total GP expenditure (All Scheme),https://pai.gov.in/MMS/Indicator/Theme-Indicators.aspx?t=7&s=1,2026-09-06T06:50:29Z
PAI 1.0,2022-2023,7,t7_socially_just_and_socially_secured_panchayat,543,Optional,ratio,Percentage of pregnant and lactating mothers who are anemic,Number of pregnant women and lactating mothers who are anemic,Total pregnant women and lactating mothers,https://pai.gov.in/MMS/Indicator/Theme-Indicators.aspx?t=7&s=1,2026-09-06T06:50:29Z
PAI 1.0,2022-2023,7,t7_socially_just_and_socially_secured_panchayat,564,Mandatory,ratio,Percentage of Women in SHGs benefitted Under Priority Household (PHH) & Antyodaya Anna Yojana(AAY) category,Total Number of Women in SHGs benefitted Under Priority Household (PHH) & Antyodaya Anna Yojana(AAY) category,Total number of Women under Priority Household (PHH) & Antyodaya Anna Yojana(AAY) category under NFSA,https://pai.gov.in/MMS/Indicator/Theme-Indicators.aspx?t=7&s=1,2026-09-06T06:50:29Z
PAI 1.0,2022-2023,7,t7_socially_just_and_socially_secured_panchayat,565,Mandatory,ratio,Percentage of women from AAY category in the SHGs,Total Number of Women from AAY category in the SHGs,Total number of Women under Antyodaya Anna Yojana(AAY)NFSA category,https://pai.gov.in/MMS/Indicator/Theme-Indicators.aspx?t=7&s=1,2026-09-06T06:50:29Z
PAI 1.0,2022-2023,7,t7_socially_just_and_socially_secured_panchayat,577,Mandatory,ratio,Whether crime against Women were reported from Gram Panchayat during reference year,No. cases registered under crime against women,Mid-year female population,https://pai.gov.in/MMS/Indicator/Theme-Indicators.aspx?t=7&s=1,2026-09-06T06:50:29Z
PAI 1.0,2022-2023,7,t7_socially_just_and_socially_secured_panchayat,578,Mandatory,ratio,Percentage of crimes against women to total crime,No. cases registered under crime against women,Total Cases registered under (Indian Penal Code) IPC and (Special and Local Law) SLL during reference year,https://pai.gov.in/MMS/Indicator/Theme-Indicators.aspx?t=7&s=1,2026-09-06T06:50:29Z
PAI 1.0,2022-2023,7,t7_socially_just_and_socially_secured_panchayat,593,Optional,ratio,Proportion of Physically Challenged provided institutional assistance covered through Day Care Centres funded by the Government /Community/CSO. Women /SC/ST /Aged,Number of physically challenged Women /Elderly/ SC/STs provided institutional assistance covered through Day Care Centres funded by the Government/ Community/CSO.,Total number of physically challenged Women /Eldelry/ SC/STs.,https://pai.gov.in/MMS/Indicator/Theme-Indicators.aspx?t=7&s=1,2026-09-06T06:50:29Z
PAI 1.0,2022-2023,8,t8_panchayat_with_good_governance,145,Mandatory,binary,Whether the issues related to children are discussed in the Gram Sabha,Whether the issues related to children are discussed in the Gram Sabha,,https://pai.gov.in/MMS/Indicator/Theme-Indicators.aspx?t=8&s=1,2026-09-06T06:50:29Z
PAI 1.0,2022-2023,8,t8_panchayat_with_good_governance,454,Mandatory,binary,Whether Self Help Group(SHG)/ Primary Level Federation(PLF) has been part of Preparing GPDP,Presentation by SHG regarding poverty issues & poverty reduction plans,,https://pai.gov.in/MMS/Indicator/Theme-Indicators.aspx?t=8&s=1,2026-09-06T06:50:29Z
PAI 1.0,2022-2023,8,t8_panchayat_with_good_governance,455,Mandatory,ratio,Percentage of committees /CBO involved in GPDP Planning,number of committees /Community Based Organization involved in GPDP planning,Total Committees/CBO,https://pai.gov.in/MMS/Indicator/Theme-Indicators.aspx?t=8&s=1,2026-09-06T06:50:29Z
PAI 1.0,2022-2023,8,t8_panchayat_with_good_governance,456,Mandatory,ratio,Percentage of departments participated in Preparation of GPDP,number of departments participated in preparation of GPDP,"Total number of Departments, participated in Gram Sabha",https://pai.gov.in/MMS/Indicator/Theme-Indicators.aspx?t=8&s=1,2026-09-06T06:50:29Z
PAI 1.0,2022-2023,8,t8_panchayat_with_good_governance,458,Mandatory,binary,Whether GP has established partnership with Non-Government Organization (NGO)/Community Based Organization/Private Sector /Instution,Number of Partnership established with NGO /CBO/Private sector/institutions,,https://pai.gov.in/MMS/Indicator/Theme-Indicators.aspx?t=8&s=1,2026-09-06T06:50:29Z
PAI 1.0,2022-2023,8,t8_panchayat_with_good_governance,459,Optional,ratio,Percentage of Youth and Children participation in at least in one IEC,Number of Youth and Children participation in at least in one IEC,Total youth and children population,https://pai.gov.in/MMS/Indicator/Theme-Indicators.aspx?t=8&s=1,2026-09-06T06:50:29Z
PAI 1.0,2022-2023,8,t8_panchayat_with_good_governance,460,Mandatory,ratio,Percentage of women participation in at least in one IEC,Number of women who have participated in atleast in one IEC/ awareness campaign,Total number of women,https://pai.gov.in/MMS/Indicator/Theme-Indicators.aspx?t=8&s=1,2026-09-06T06:50:29Z
PAI 1.0,2022-2023,8,t8_panchayat_with_good_governance,461,Mandatory,binary,Whether 9 Themes of LSDGs are being used in IEC by GP involving Committees,Number of themes (out of 9 LSDGs themes) in which IEC conducted involving Committees,,https://pai.gov.in/MMS/Indicator/Theme-Indicators.aspx?t=8&s=1,2026-09-06T06:50:29Z
PAI 1.0,2022-2023,8,t8_panchayat_with_good_governance,462,Mandatory,binary,Whether activities conducted for youth and children during the refernce year,Number of Activities conducted for youth and children by GP,,https://pai.gov.in/MMS/Indicator/Theme-Indicators.aspx?t=8&s=1,2026-09-06T06:50:29Z
PAI 1.0,2022-2023,8,t8_panchayat_with_good_governance,463,Mandatory,ratio,Percentage of activities supported by SHG to the total number of activities of Gram Panchayat,Number of activities in GP supported by SHGs,Total number of activities,https://pai.gov.in/MMS/Indicator/Theme-Indicators.aspx?t=8&s=1,2026-09-06T06:50:29Z
PAI 1.0,2022-2023,8,t8_panchayat_with_good_governance,464,Mandatory,ratio,Percentage of SHG issues addressed by GP,Number of SHGs issues addressed by GP,Total number of Issues raised by SHG,https://pai.gov.in/MMS/Indicator/Theme-Indicators.aspx?t=8&s=1,2026-09-06T06:50:29Z
PAI 1.0,2022-2023,8,t8_panchayat_with_good_governance,466,Mandatory,binary,Is Common Service Center co-located in GP,Is CSC co-located in GP,,https://pai.gov.in/MMS/Indicator/Theme-Indicators.aspx?t=8&s=1,2026-09-06T06:50:29Z
PAI 1.0,2022-2023,8,t8_panchayat_with_good_governance,467,Mandatory,binary,Whether GP has provided online services,Number of online services provided by GP,,https://pai.gov.in/MMS/Indicator/Theme-Indicators.aspx?t=8&s=1,2026-09-06T06:50:29Z
PAI 1.0,2022-2023,8,t8_panchayat_with_good_governance,468,Mandatory,ratio,Percentage of Services delivered as per the timeline of the Citizens’ Charter,number of Services delivered as per the timeline of the Citizens’ Charter,Total number of Services demanded covered in the Citizens’ Charter,https://pai.gov.in/MMS/Indicator/Theme-Indicators.aspx?t=8&s=1,2026-09-06T06:50:29Z
PAI 1.0,2022-2023,8,t8_panchayat_with_good_governance,469,Mandatory,ratio,Percentage of Grievances redressed,Number of Grievances redressed by GP,Total number of Grievances received during reference year,https://pai.gov.in/MMS/Indicator/Theme-Indicators.aspx?t=8&s=1,2026-09-06T06:50:29Z
PAI 1.0,2022-2023,8,t8_panchayat_with_good_governance,470,Mandatory,binary,Whether the GP has availability of operational computer system,Whether the GP has availability of operational computer system,,https://pai.gov.in/MMS/Indicator/Theme-Indicators.aspx?t=8&s=1,2026-09-06T06:50:29Z
PAI 1.0,2022-2023,8,t8_panchayat_with_good_governance,471,Mandatory,binary,Whether the GP has availability of internet connectivity,Whether the GP has availability of internet connectivity,,https://pai.gov.in/MMS/Indicator/Theme-Indicators.aspx?t=8&s=1,2026-09-06T06:50:29Z
PAI 1.0,2022-2023,8,t8_panchayat_with_good_governance,472,Mandatory,binary,Whether the GP has availability of trained manpower,Whether the GP has availability of trained manpower,,https://pai.gov.in/MMS/Indicator/Theme-Indicators.aspx?t=8&s=1,2026-09-06T06:50:29Z
PAI 1.0,2022-2023,8,t8_panchayat_with_good_governance,473,Mandatory,ratio,Percentage of public assets in the GP mapped available on portal,Number of public assets mapped on portal,Total number of Public Assets in GP as per GPDP,https://pai.gov.in/MMS/Indicator/Theme-Indicators.aspx?t=8&s=1,2026-09-06T06:50:29Z
PAI 1.0,2022-2023,8,t8_panchayat_with_good_governance,474,Mandatory,ratio,Percentage of Geo Tagging of Projects/works,number of Activity / Projects Geo tagged & funded through GP,Total number of asset created,https://pai.gov.in/MMS/Indicator/Theme-Indicators.aspx?t=8&s=1,2026-09-06T06:50:29Z
PAI 1.0,2022-2023,8,t8_panchayat_with_good_governance,475,Mandatory,ratio,Online Management of Income and Expenditure,Expenditure updated online,Actual Expenditure as per records,https://pai.gov.in/MMS/Indicator/Theme-Indicators.aspx?t=8&s=1,2026-09-06T06:50:29Z
PAI 1.0,2022-2023,8,t8_panchayat_with_good_governance,478,Mandatory,binary,Closing of Accounts in eGramSwaraj- Annual,Whether Annually account book is closed in eGS by Is April 2023,,https://pai.gov.in/MMS/Indicator/Theme-Indicators.aspx?t=8&s=1,2026-09-06T06:50:29Z
PAI 1.0,2022-2023,8,t8_panchayat_with_good_governance,480,Mandatory,binary,Updated Accounts of the panchayat visible on the Portal,Whether updated Accounts of the panchayat visible on the Portal,,https://pai.gov.in/MMS/Indicator/Theme-Indicators.aspx?t=8&s=1,2026-09-06T06:50:29Z
PAI 1.0,2022-2023,8,t8_panchayat_with_good_governance,482,Mandatory,binary,Whether the Gram Panchayat Development Plan(GPDP) placed in the Gram Sabha within the scheduled time,Whether the GPDP is approved in the Gram Sabha,,https://pai.gov.in/MMS/Indicator/Theme-Indicators.aspx?t=8&s=1,2026-09-06T06:50:29Z
PAI 1.0,2022-2023,8,t8_panchayat_with_good_governance,483,Mandatory,binary,Whether Gram Panchayat Development Plan (24-25) approved and uploaded on eGS portal prior to 31st March 2024,Whether the GPDP upload in the Portal,,https://pai.gov.in/MMS/Indicator/Theme-Indicators.aspx?t=8&s=1,2026-09-06T06:50:29Z
PAI 1.0,2022-2023,8,t8_panchayat_with_good_governance,484,Mandatory,ratio,Percentage of works implemented to total works in the GPDP,number of GPDP works in progress( On Going ),Total number of Works in GPDP,https://pai.gov.in/MMS/Indicator/Theme-Indicators.aspx?t=8&s=1,2026-09-06T06:50:29Z
PAI 1.0,2022-2023,8,t8_panchayat_with_good_governance,485,Mandatory,ratio,Percentage of activities taken up to the total number of activities as per Gram Panchayat Development Plan (GPDP),number of GPDP activities taken up ( Admin Approval done),Total number of activities in GPDP,https://pai.gov.in/MMS/Indicator/Theme-Indicators.aspx?t=8&s=1,2026-09-06T06:50:29Z
PAI 1.0,2022-2023,8,t8_panchayat_with_good_governance,486,Mandatory,ratio,Percentage of Works completed to the total number of works taken up by GP,number of works completed by GP,Total number of works ( Admin Approval done),https://pai.gov.in/MMS/Indicator/Theme-Indicators.aspx?t=8&s=1,2026-09-06T06:50:29Z
PAI 1.0,2022-2023,8,t8_panchayat_with_good_governance,487,Mandatory,binary,Preparation of Disaster Risk Reduction Plan,Preparation of Disaster Risk Reduction Plan,,https://pai.gov.in/MMS/Indicator/Theme-Indicators.aspx?t=8&s=1,2026-09-06T06:50:29Z
PAI 1.0,2022-2023,8,t8_panchayat_with_good_governance,491,Mandatory,binary,Whether the Citizen charter is prepared and upload in the Portal (Panchayat Charter website),Whether the Citizen charter is prepared and upload in the Portal (Panchayat Charter website),,https://pai.gov.in/MMS/Indicator/Theme-Indicators.aspx?t=8&s=1,2026-09-06T06:50:29Z
PAI 1.0,2022-2023,8,t8_panchayat_with_good_governance,492,Mandatory,binary,Whether the Gram Panchayat Office opened daily,Whether the GP Office opened daily,,https://pai.gov.in/MMS/Indicator/Theme-Indicators.aspx?t=8&s=1,2026-09-06T06:50:29Z
PAI 1.0,2022-2023,8,t8_panchayat_with_good_governance,493,Mandatory,binary,Whether discussion on Progress of works & Utilization of Fund in GP Meeting,Whether Review of current year activities and fund utilization has been discussed in GP meeting,,https://pai.gov.in/MMS/Indicator/Theme-Indicators.aspx?t=8&s=1,2026-09-06T06:50:29Z
PAI 1.0,2022-2023,8,t8_panchayat_with_good_governance,494,Mandatory,binary,Ensuring transparency in Tender process,Whether GP is ensuring transparency in Tender process,,https://pai.gov.in/MMS/Indicator/Theme-Indicators.aspx?t=8&s=1,2026-09-06T06:50:29Z
PAI 1.0,2022-2023,8,t8_panchayat_with_good_governance,495,Mandatory,binary,Whether Progress of works & Utilization of Fund is placed in Gram Sabha,Whether Progress of works & Utilization of Fund is placed in Gram Sabha,,https://pai.gov.in/MMS/Indicator/Theme-Indicators.aspx?t=8&s=1,2026-09-06T06:50:29Z
PAI 1.0,2022-2023,8,t8_panchayat_with_good_governance,496,Mandatory,binary,Whether Gram Panchayat accounts read out in the Gram Sabha,Whether Panchayat accounts read out in the Gram Sabha,,https://pai.gov.in/MMS/Indicator/Theme-Indicators.aspx?t=8&s=1,2026-09-06T06:50:29Z
PAI 1.0,2022-2023,8,t8_panchayat_with_good_governance,497,Mandatory,ratio,Percentage of progress of works and utilization of fund displayed on the portal,Total number of progress of works and utilization of fund displayed on the portal,Total number of progress of works and utilization of fund,https://pai.gov.in/MMS/Indicator/Theme-Indicators.aspx?t=8&s=1,2026-09-06T06:50:29Z
PAI 1.0,2022-2023,8,t8_panchayat_with_good_governance,499,Mandatory,ratio,Percentage of Geo-tagging of all works,Number of asset-based works geotagged,Total number of asset created having geotagged,https://pai.gov.in/MMS/Indicator/Theme-Indicators.aspx?t=8&s=1,2026-09-06T06:50:29Z
PAI 1.0,2022-2023,8,t8_panchayat_with_good_governance,500,Mandatory,ratio,Percentage of Geo-tagging of all assets and works visible on portal,Number of Geo-tagging of all assets and works visible on portal (Assets which are started and Geo tagged ),Total number of assets and works,https://pai.gov.in/MMS/Indicator/Theme-Indicators.aspx?t=8&s=1,2026-09-06T06:50:29Z
PAI 1.0,2022-2023,8,t8_panchayat_with_good_governance,501,Mandatory,binary,Whether Social Audit report is uploaded in the MGNREGS Portal,Whether Social Audit report is uploaded in the MGNREGS Portal,,https://pai.gov.in/MMS/Indicator/Theme-Indicators.aspx?t=8&s=1,2026-09-06T06:50:29Z
PAI 1.0,2022-2023,8,t8_panchayat_with_good_governance,504,Mandatory,binary,Whether the List of beneficiaries of all Schemes displayed in GP,Whether the List of beneficiaries of all Schemes displayed in GP,,https://pai.gov.in/MMS/Indicator/Theme-Indicators.aspx?t=8&s=1,2026-09-06T06:50:29Z
PAI 1.0,2022-2023,8,t8_panchayat_with_good_governance,505,Mandatory,binary,Whether the List of beneficiaries of all Schemes is approved in the Gram Sabha,Whether the List of beneficiaries of all Schemes is approved in the Gram Sabha,,https://pai.gov.in/MMS/Indicator/Theme-Indicators.aspx?t=8&s=1,2026-09-06T06:50:29Z
PAI 1.0,2022-2023,8,t8_panchayat_with_good_governance,506,Mandatory,ratio,Percentage of information board at work site,number of work site having information board,Total number of work site,https://pai.gov.in/MMS/Indicator/Theme-Indicators.aspx?t=8&s=1,2026-09-06T06:50:29Z
PAI 1.0,2022-2023,8,t8_panchayat_with_good_governance,507,Mandatory,binary,Whether the list of development work display in the Gram Panchayat Bhawan/ Panchayat Ghar,Whether the List of works taken up in the GP displayed at the GP office,,https://pai.gov.in/MMS/Indicator/Theme-Indicators.aspx?t=8&s=1,2026-09-06T06:50:29Z
PAI 1.0,2022-2023,8,t8_panchayat_with_good_governance,508,Mandatory,binary,Whether the List of works taken in the Gram Panchayat displayed at the Public Information Board,Whether the List of works taken in the Gram Panchayat displayed at the Public Information Board,,https://pai.gov.in/MMS/Indicator/Theme-Indicators.aspx?t=8&s=1,2026-09-06T06:50:29Z
PAI 1.0,2022-2023,8,t8_panchayat_with_good_governance,510,Mandatory,ratio,Percentage of works implemented in GP being monitored by GP's committee,number of works implemented by GP being monitored,Total number of Works implemented by GP,https://pai.gov.in/MMS/Indicator/Theme-Indicators.aspx?t=8&s=1,2026-09-06T06:50:29Z
PAI 1.0,2022-2023,8,t8_panchayat_with_good_governance,511,Mandatory,ratio,Number of works monitored by committee to total number of works,number of works monitored by Committees,Total number of works undertaken,https://pai.gov.in/MMS/Indicator/Theme-Indicators.aspx?t=8&s=1,2026-09-06T06:50:29Z
PAI 1.0,2022-2023,8,t8_panchayat_with_good_governance,513,Mandatory,binary,Whether GP has conducted Joint Training and Meeting during the refernce year,Number of joint trainings and Meetings held,,https://pai.gov.in/MMS/Indicator/Theme-Indicators.aspx?t=8&s=1,2026-09-06T06:50:29Z
PAI 1.0,2022-2023,8,t8_panchayat_with_good_governance,516,Mandatory,binary,Whether Training for Disaster Management conducted,Whether Training for Disaster Management conductued,,https://pai.gov.in/MMS/Indicator/Theme-Indicators.aspx?t=8&s=1,2026-09-06T06:50:29Z
PAI 1.0,2022-2023,8,t8_panchayat_with_good_governance,518,Mandatory,binary,Whether the Issues related to Women is discussed in the Gram Sabha,Whether the Issues related to Women is discussed in the Gram Sabha,,https://pai.gov.in/MMS/Indicator/Theme-Indicators.aspx?t=8&s=1,2026-09-06T06:50:29Z
PAI 1.0,2022-2023,8,t8_panchayat_with_good_governance,521,Mandatory,ratio,Percentage of Children issues on which action taken by Gram Panchayat,Numbers of children issues on which action taken by GP,Numbers of children issues raised,https://pai.gov.in/MMS/Indicator/Theme-Indicators.aspx?t=8&s=1,2026-09-06T06:50:29Z
PAI 1.0,2022-2023,8,t8_panchayat_with_good_governance,522,Mandatory,binary,Whether the Issues related to elderly is discussed in the Gram Sabha,Whether the Issues related to elderly is discussed in the Gram Sabha,,https://pai.gov.in/MMS/Indicator/Theme-Indicators.aspx?t=8&s=1,2026-09-06T06:50:29Z
PAI 1.0,2022-2023,8,t8_panchayat_with_good_governance,523,Mandatory,ratio,Percentage of elderly issues on which action taken,Numbers of elderly issues on which action taken by GP,Numbers of elderly issues raised,https://pai.gov.in/MMS/Indicator/Theme-Indicators.aspx?t=8&s=1,2026-09-06T06:50:29Z
PAI 1.0,2022-2023,8,t8_panchayat_with_good_governance,524,Mandatory,binary,Whether the Issues related to differently abled is discussed in the Gram Sabha,Whether the Issues related to differently abled is discussed in the Gram Sabha,,https://pai.gov.in/MMS/Indicator/Theme-Indicators.aspx?t=8&s=1,2026-09-06T06:50:29Z
PAI 1.0,2022-2023,8,t8_panchayat_with_good_governance,525,Mandatory,ratio,Percentage of differently abled issues on which action taken,Numbers of differently abled issues on which action taken by GP,Numbers of differently abled issues raised in Gram Sabha,https://pai.gov.in/MMS/Indicator/Theme-Indicators.aspx?t=8&s=1,2026-09-06T06:50:29Z
PAI 1.0,2022-2023,8,t8_panchayat_with_good_governance,526,Mandatory,binary,Whether the Issues related to marginalised (including Transgender) is discussed in the Gram Sabha,Whether the Issues related to marginalised (including Transgender) is discussed in the Gram Sabha,,https://pai.gov.in/MMS/Indicator/Theme-Indicators.aspx?t=8&s=1,2026-09-06T06:50:29Z
PAI 1.0,2022-2023,8,t8_panchayat_with_good_governance,527,Mandatory,ratio,Percentage of marginalised (including Transgender) issues on which action taken,Numbers of marginalised (including Transgender) issues on which action taken by GP,Numbers of marginalised (including Transgender) issues raised,https://pai.gov.in/MMS/Indicator/Theme-Indicators.aspx?t=8&s=1,2026-09-06T06:50:29Z
PAI 1.0,2022-2023,8,t8_panchayat_with_good_governance,528,Mandatory,binary,Whether the Issues related to SC/ST is discussed in the Gram Sabha,Whether the Issues related to SC/ST is discussed in the Gram Sabha,,https://pai.gov.in/MMS/Indicator/Theme-Indicators.aspx?t=8&s=1,2026-09-06T06:50:29Z
PAI 1.0,2022-2023,8,t8_panchayat_with_good_governance,529,Mandatory,ratio,Percentage of SC/ST issues on which action taken,Numbers of SC/ST issues on which action taken by GP,Numbers of SC/ST issues raised,https://pai.gov.in/MMS/Indicator/Theme-Indicators.aspx?t=8&s=1,2026-09-06T06:50:29Z
PAI 1.0,2022-2023,8,t8_panchayat_with_good_governance,530,Mandatory,binary,Whether Mahila Sabha conducted in GP,Whether Mahila Sabha is conducted in the GP during the reference year,,https://pai.gov.in/MMS/Indicator/Theme-Indicators.aspx?t=8&s=1,2026-09-06T06:50:29Z
PAI 1.0,2022-2023,8,t8_panchayat_with_good_governance,531,Mandatory,ratio,Whether ward sabhas were conducted in GP in the reference year,Number of ward sabhas conducted,Number of wards in GP,https://pai.gov.in/MMS/Indicator/Theme-Indicators.aspx?t=8&s=1,2026-09-06T06:50:29Z
PAI 1.0,2022-2023,8,t8_panchayat_with_good_governance,532,Mandatory,binary,Whether Bal Sabha is conducted in GP,Whether Bal Sabha is conducted in GP during reference period,,https://pai.gov.in/MMS/Indicator/Theme-Indicators.aspx?t=8&s=1,2026-09-06T06:50:29Z
PAI 1.0,2022-2023,8,t8_panchayat_with_good_governance,536,Mandatory,ratio,Whether any income generating asset created in last year,Number of income-generating assets created during the reference year,Total number of asset created,https://pai.gov.in/MMS/Indicator/Theme-Indicators.aspx?t=8&s=1,2026-09-06T06:50:29Z
PAI 1.0,2022-2023,9,t9_women_friendly_panchayat,39,Mandatory,ratio,Percentage of births attended by skilled health personnel or institutional delivery (Period 1 year),Women aged 15-49 years with a live birth attended by a skilled health personnel or institutional delivery in delivery during reference year,Women aged 15-49 years with a live birth during the same period,https://pai.gov.in/MMS/Indicator/Theme-Indicators.aspx?t=9&s=1,2026-09-06T06:50:29Z
PAI 1.0,2022-2023,9,t9_women_friendly_panchayat,43,Mandatory,ratio,Percentage of currently married women (15-49 years) who use any modern family planning methods,Currently married women aged 15-49 years who use modern contraceptive methods,Currently married women aged 15-49 years,https://pai.gov.in/MMS/Indicator/Theme-Indicators.aspx?t=9&s=1,2026-09-06T06:50:29Z
PAI 1.0,2022-2023,9,t9_women_friendly_panchayat,70,Mandatory,ratio,Percentage of Pregnant Women and lactating mothers registered under ICDS out of total eligible Pregnant Women and lactating mothers,Total number of registered Pregnant Women and Lactating Mothers under ICDS,Total number of eligible Pregnant Women and Lactating Mothers,https://pai.gov.in/MMS/Indicator/Theme-Indicators.aspx?t=9&s=1,2026-09-06T06:50:29Z
PAI 1.0,2022-2023,9,t9_women_friendly_panchayat,537,Mandatory,ratio,Sex ratio at birth,Girl Live births during reference year,Male live birth during reference year,https://pai.gov.in/MMS/Indicator/Theme-Indicators.aspx?t=9&s=1,2026-09-06T06:50:29Z
PAI 1.0,2022-2023,9,t9_women_friendly_panchayat,540,Mandatory,ratio,Proportion of women (aged 30-49) screened under the Non Communicable Disease (NCD) programme for cervical/breast cancer,Number of Women aged (30-49) screened under the NCD,Total number of women,https://pai.gov.in/MMS/Indicator/Theme-Indicators.aspx?t=9&s=1,2026-09-06T06:50:29Z
PAI 1.0,2022-2023,9,t9_women_friendly_panchayat,541,Mandatory,ratio,Percentage of Girl children aged under 5 years who are underweight,Girls Children aged under 5 years who are underweight,Number of girl children under 5 years age,https://pai.gov.in/MMS/Indicator/Theme-Indicators.aspx?t=9&s=1,2026-09-06T06:50:29Z
PAI 1.0,2022-2023,9,t9_women_friendly_panchayat,542,Mandatory,ratio,Percentage of children under age 5 years who are wasted under Saksham Anganwadi and Mission Poshan 2.0,Girl Children under 5 years who are wasted,Number of girl children under 5 years age,https://pai.gov.in/MMS/Indicator/Theme-Indicators.aspx?t=9&s=1,2026-09-06T06:50:29Z
PAI 1.0,2022-2023,9,t9_women_friendly_panchayat,543,Optional,ratio,Percentage of pregnant and lactating mothers who are anemic,Number of pregnant women and lactating mothers who are anemic,Total pregnant women and lactating mothers,https://pai.gov.in/MMS/Indicator/Theme-Indicators.aspx?t=9&s=1,2026-09-06T06:50:29Z
PAI 1.0,2022-2023,9,t9_women_friendly_panchayat,544,Optional,ratio,Percentage of girl Children under 5 years who are anemic (<11.0g/dl),Girl Children aged under 5 years who are anemic,Number of girl children under 5 years age,https://pai.gov.in/MMS/Indicator/Theme-Indicators.aspx?t=9&s=1,2026-09-06T06:50:29Z
PAI 1.0,2022-2023,9,t9_women_friendly_panchayat,545,Optional,ratio,Percentage of women headed households under Aayushman Bharat-Pradhan Mantri Jan Arogya Yojana or any State Govt Health scheme /health insurance,Number of women-headed households under Aayushman Bharat or Pradhan Mantri Jan Arogya Yojana or any State Govt Health scheme /health insurance,Total estimated number of eligible women headed households,https://pai.gov.in/MMS/Indicator/Theme-Indicators.aspx?t=9&s=1,2026-09-06T06:50:29Z
PAI 1.0,2022-2023,9,t9_women_friendly_panchayat,546,Mandatory,ratio,Percentage of women population (out of total eligible population) receiving social protection benefits under Pradhan Mantri Matritva Vandana Yojana (PMMVY),Total number of women beneficiaries receiving social protection benefits under PMMVY during the reference year,Total women number of beneficiaries enrolled under PMMVY during the reference year,https://pai.gov.in/MMS/Indicator/Theme-Indicators.aspx?t=9&s=1,2026-09-06T06:50:29Z
PAI 1.0,2022-2023,9,t9_women_friendly_panchayat,547,Mandatory,ratio,Percentage of girl children (0-3 years) registered under ICDS out of total eligible children (0-3 years),Total number of registered girl children (0-3 years) under ICDS,Total number of eligible children (0-3 years) under ICDS,https://pai.gov.in/MMS/Indicator/Theme-Indicators.aspx?t=9&s=1,2026-09-06T06:50:29Z
PAI 1.0,2022-2023,9,t9_women_friendly_panchayat,548,Mandatory,ratio,Percentage of girl children (3-6 years) registered under ICDS out of total eligible children (3-6 years),Total number of registered girl children (3-6 years) under ICDS,Total number of eligible children (3-6 years) under ICDS,https://pai.gov.in/MMS/Indicator/Theme-Indicators.aspx?t=9&s=1,2026-09-06T06:50:29Z
PAI 1.0,2022-2023,9,t9_women_friendly_panchayat,550,Mandatory,ratio,Percentage of maternal death to live birth,Maternal Deaths during the reference year,Live births of child during reference year,https://pai.gov.in/MMS/Indicator/Theme-Indicators.aspx?t=9&s=1,2026-09-06T06:50:29Z
PAI 1.0,2022-2023,9,t9_women_friendly_panchayat,552,Mandatory,ratio,"Under-five mortality rate of girl children per 1,000 live births",Number of deaths of girl of age under 5 year (0-59 months),Number of Live girls age under 5 years during the given year,https://pai.gov.in/MMS/Indicator/Theme-Indicators.aspx?t=9&s=1,2026-09-06T06:50:29Z
PAI 1.0,2022-2023,9,t9_women_friendly_panchayat,553,Mandatory,ratio,"Neonatal girl mortality rate (per 1,000 live births)",Deaths of girl neonates age less than 29 days (neonatal deaths) during given year,Girl Live births during reference year,https://pai.gov.in/MMS/Indicator/Theme-Indicators.aspx?t=9&s=1,2026-09-06T06:50:29Z
PAI 1.0,2022-2023,9,t9_women_friendly_panchayat,554,Optional,ratio,Ratio of girls/women in the age group 15-29 not in education employment or training to Boys/Men,"Number of Girls/women in the age group 15-29 not in education, employment or training","Number of boys/Men in the age group 15-29 not in education, employment or training",https://pai.gov.in/MMS/Indicator/Theme-Indicators.aspx?t=9&s=1,2026-09-06T06:50:29Z
PAI 1.0,2022-2023,9,t9_women_friendly_panchayat,555,Optional,ratio,"Percentage of Girls/women (aged 15-29 years) not in education, employment or training to total girls","Number of Girls/women in the age group 15-29 not in education, employment or training",Total Number of Girls and women in the age group 15-29,https://pai.gov.in/MMS/Indicator/Theme-Indicators.aspx?t=9&s=1,2026-09-06T06:50:29Z
PAI 1.0,2022-2023,9,t9_women_friendly_panchayat,556,Mandatory,ratio,Girls transition rate Primary to Upper Primary,Fresh enrolment in class 6th of Girl Children in the present year,Class 5th enrolment of Girl Children in the previous year,https://pai.gov.in/MMS/Indicator/Theme-Indicators.aspx?t=9&s=1,2026-09-06T06:50:29Z
PAI 1.0,2022-2023,9,t9_women_friendly_panchayat,557,Mandatory,ratio,Girls transition rate Upper Primary to Secondary,Fresh enrolment in class 9th of Girl Children in the present year,Class 8th enrolment of Girl Children in the previous year,https://pai.gov.in/MMS/Indicator/Theme-Indicators.aspx?t=9&s=1,2026-09-06T06:50:29Z
PAI 1.0,2022-2023,9,t9_women_friendly_panchayat,560,Mandatory,ratio,Percentage of girl children between ages 3-6 receiving some form of formal pre-school education or early childhood care in AWC,Number of girl Children Aged 3-6 years receiving Pre School education or early childhood,Total Number of girl Children aged 3-6 years,https://pai.gov.in/MMS/Indicator/Theme-Indicators.aspx?t=9&s=1,2026-09-06T06:50:29Z
PAI 1.0,2022-2023,9,t9_women_friendly_panchayat,564,Mandatory,ratio,Percentage of Women in SHGs benefitted Under Priority Household (PHH) & Antyodaya Anna Yojana(AAY) category,Total Number of Women in SHGs benefitted Under Priority Household (PHH) & Antyodaya Anna Yojana(AAY) category,Total number of Women under Priority Household (PHH) & Antyodaya Anna Yojana(AAY) category under NFSA,https://pai.gov.in/MMS/Indicator/Theme-Indicators.aspx?t=9&s=1,2026-09-06T06:50:29Z
PAI 1.0,2022-2023,9,t9_women_friendly_panchayat,565,Mandatory,ratio,Percentage of women from AAY category in the SHGs,Total Number of Women from AAY category in the SHGs,Total number of Women under Antyodaya Anna Yojana(AAY)NFSA category,https://pai.gov.in/MMS/Indicator/Theme-Indicators.aspx?t=9&s=1,2026-09-06T06:50:29Z
PAI 1.0,2022-2023,9,t9_women_friendly_panchayat,566,Mandatory,ratio,Percentage of Self Help Group (SHGs) accessed Bank Loans in the reference year,Number of SHGs accessed bank loans,Total number of SHGs,https://pai.gov.in/MMS/Indicator/Theme-Indicators.aspx?t=9&s=1,2026-09-06T06:50:29Z
PAI 1.0,2022-2023,9,t9_women_friendly_panchayat,567,Mandatory,ratio,"Percentage of women (aged 16-60) received Government benefits in last 5 years for enhancing income (Including SHG, sTraining, FPOs cow, goat etc.,",Number of women received Govt Benefits in last 5 years for enhancing income,Total number of Women (16-60),https://pai.gov.in/MMS/Indicator/Theme-Indicators.aspx?t=9&s=1,2026-09-06T06:50:29Z
PAI 1.0,2022-2023,9,t9_women_friendly_panchayat,568,Mandatory,ratio,"Percentage of women engaged in income generation activities (agri, industries, allied sectors etc.,)",Number of Women engaged in Income Generation activities,Total number of women,https://pai.gov.in/MMS/Indicator/Theme-Indicators.aspx?t=9&s=1,2026-09-06T06:50:29Z
PAI 1.0,2022-2023,9,t9_women_friendly_panchayat,570,Mandatory,ratio,Number of women elected to GP and Members of Statutory committees to total Number of seats and Members of Statutory Committees,Number of Women Elected to GP and Members of Statutory committees,Total Number of seats and member of statutory committees,https://pai.gov.in/MMS/Indicator/Theme-Indicators.aspx?t=9&s=1,2026-09-06T06:50:29Z
PAI 1.0,2022-2023,9,t9_women_friendly_panchayat,571,Optional,ratio,Percentage of Women in leadership position in Farmers Producer Organizations(FPO) etc.,Number of Women in leadership position in GP level Organisation,Total number of Leadership position in GP level Organisation,https://pai.gov.in/MMS/Indicator/Theme-Indicators.aspx?t=9&s=1,2026-09-06T06:50:29Z
PAI 1.0,2022-2023,9,t9_women_friendly_panchayat,572,Optional,ratio,Operational land holdings held by women,Women Operational Holdings (Land) and jointly held by women,Total Operational Holdings,https://pai.gov.in/MMS/Indicator/Theme-Indicators.aspx?t=9&s=1,2026-09-06T06:50:29Z
PAI 1.0,2022-2023,9,t9_women_friendly_panchayat,573,Mandatory,binary,Whether Mahila Sabha conducted in the GP,Number of Mahila Sabha conducted in the GP,,https://pai.gov.in/MMS/Indicator/Theme-Indicators.aspx?t=9&s=1,2026-09-06T06:50:29Z
PAI 1.0,2022-2023,9,t9_women_friendly_panchayat,574,Mandatory,ratio,Percentage of Women Participation in Gram Sabha,Number of Women Participated in Gram Sabha,Total Number of Participants,https://pai.gov.in/MMS/Indicator/Theme-Indicators.aspx?t=9&s=1,2026-09-06T06:50:29Z
PAI 1.0,2022-2023,9,t9_women_friendly_panchayat,575,Mandatory,binary,Are women involved in the preparation of Disaster Risk Reduction and Disaster ManagementPlan?,Are women involved in the preparation of Disaster Risk Reduction and Disaster Management Plan?,,https://pai.gov.in/MMS/Indicator/Theme-Indicators.aspx?t=9&s=1,2026-09-06T06:50:29Z
PAI 1.0,2022-2023,9,t9_women_friendly_panchayat,576,Mandatory,binary,Awareness regarding Help Line,Awareness regarding help line,,https://pai.gov.in/MMS/Indicator/Theme-Indicators.aspx?t=9&s=1,2026-09-06T06:50:29Z
PAI 1.0,2022-2023,9,t9_women_friendly_panchayat,577,Mandatory,ratio,Whether crime against Women were reported from Gram Panchayat during reference year,No. cases registered under crime against women,Mid-year female population,https://pai.gov.in/MMS/Indicator/Theme-Indicators.aspx?t=9&s=1,2026-09-06T06:50:29Z
PAI 1.0,2022-2023,9,t9_women_friendly_panchayat,578,Mandatory,ratio,Percentage of crimes against women to total crime,No. cases registered under crime against women,Total Cases registered under (Indian Penal Code) IPC and (Special and Local Law) SLL during reference year,https://pai.gov.in/MMS/Indicator/Theme-Indicators.aspx?t=9&s=1,2026-09-06T06:50:29Z
PAI 1.0,2022-2023,9,t9_women_friendly_panchayat,579,Mandatory,ratio,Whether Domestic Abuse / Violence cases were reported in GP in the reference year,Number of Domestic Violence reported against Women,Total Number of AAY Eligible Women Headed Households,https://pai.gov.in/MMS/Indicator/Theme-Indicators.aspx?t=9&s=1,2026-09-06T06:50:29Z
PAI 1.0,2022-2023,9,t9_women_friendly_panchayat,580,Mandatory,binary,Whether GP has prevented any Child Marriage during the refernce year,Number of child marriages Prevented,,https://pai.gov.in/MMS/Indicator/Theme-Indicators.aspx?t=9&s=1,2026-09-06T06:50:29Z
PAI 1.0,2022-2023,9,t9_women_friendly_panchayat,581,Optional,ratio,Percentage of Women Covered under all Social Protection schemes to the total number of eligible women,Number of Women Covered under all Social Protection Schemes,Total number of Eligible women,https://pai.gov.in/MMS/Indicator/Theme-Indicators.aspx?t=9&s=1,2026-09-06T06:50:29Z
PAI 1.0,2022-2023,9,t9_women_friendly_panchayat,582,Optional,ratio,Percentage of women senior citizens provided institutional assistance through Senior Citizen Homes/Day Care Centers funded by the Government/ managed by the Panchayat,Number of women senior citizens provided institutional assistance through Senior Citizen Homes/Day Care Centers funded by the Government/ managed by the Panchayat,Total number of Senior citizen women,https://pai.gov.in/MMS/Indicator/Theme-Indicators.aspx?t=9&s=1,2026-09-06T06:50:29Z
PAI 1.0,2022-2023,9,t9_women_friendly_panchayat,583,Mandatory,ratio,Proportion of Women Headed households having Priority Household(PHH) & Antyodaya Anna Yojana (AAY) Cards,Number of Women Headed Households having Priority Household(PHH) & Antyodaya Anna Yojana(AAY) Cards,Total Number of PHH & AAY Eligible Women Headed Households,https://pai.gov.in/MMS/Indicator/Theme-Indicators.aspx?t=9&s=1,2026-09-06T06:50:29Z
PAI 1.0,2022-2023,9,t9_women_friendly_panchayat,584,Mandatory,ratio,Proportion of Women Headed households having Antyodaya Anna Yojana (AAY) Cards,Number of Women Headed Households having Antyodaya Anna Yojana (AAY) Cards,Total Number of AAY Eligible Women Headed Households,https://pai.gov.in/MMS/Indicator/Theme-Indicators.aspx?t=9&s=1,2026-09-06T06:50:29Z
PAI 1.0,2022-2023,9,t9_women_friendly_panchayat,585,Mandatory,ratio,Percentage of Women Headed households living in kutcha houses,Number of Women Headed households living in kutcha houses,Total number of women headed households,https://pai.gov.in/MMS/Indicator/Theme-Indicators.aspx?t=9&s=1,2026-09-06T06:50:29Z
PAI 1.0,2022-2023,9,t9_women_friendly_panchayat,586,Mandatory,ratio,Percentage of beneficiaries –women headed households covered under Public Distribution System(PDS),Number of beneficiaries women headed households covered under PDS system,Total number of households covered under PDS system,https://pai.gov.in/MMS/Indicator/Theme-Indicators.aspx?t=9&s=1,2026-09-06T06:50:29Z
PAI 1.0,2022-2023,9,t9_women_friendly_panchayat,587,Mandatory,binary,Whether the GP is preparing Gender Responsive Budget,Whether the GP is preparing Gender Responsive Budget,,https://pai.gov.in/MMS/Indicator/Theme-Indicators.aspx?t=9&s=1,2026-09-06T06:50:29Z
PAI 2.0,2023-2024,1,t1_poverty_free_and_enhanced_livelihoods_panchayat,20,Mandatory,ratio,Percentage of Households covered by a Health Scheme /Health Insurance of State or Central Government during the reference year,Total number of Households covered by a Health Scheme /Health Insurance of State or Central Government during the reference year,Total number of eligible Households for the Health Scheme / Health Insurance in Gram Panchayat,https://pai.gov.in/MMS/Indicator/Theme-Indicators.aspx?t=1&s=2,2026-09-06T06:50:29Z
PAI 2.0,2023-2024,1,t1_poverty_free_and_enhanced_livelihoods_panchayat,32,Mandatory,binary,Whether the Gram Panchayat has the Disaster Management Plan,Whether the Gram Panchayat has the Disaster Management Plan,,https://pai.gov.in/MMS/Indicator/Theme-Indicators.aspx?t=1&s=2,2026-09-06T06:50:29Z
PAI 2.0,2023-2024,1,t1_poverty_free_and_enhanced_livelihoods_panchayat,33,Mandatory,ratio,Percentage of eligible Households having Priority Household (PHH) & Antyodaya Anna Yojana (AAY) ration cards,Total number of households having Priority Household (PHH) & Antyodaya Anna Yojana (AAY) Ration Cards,Total number of eligible Households in Priority Household (PHH) & Antyodaya Anna Yojana(AAY) category,https://pai.gov.in/MMS/Indicator/Theme-Indicators.aspx?t=1&s=2,2026-09-06T06:50:29Z
PAI 2.0,2023-2024,1,t1_poverty_free_and_enhanced_livelihoods_panchayat,35,Mandatory,ratio,Percentage of households covered under Public Distribution System (PDS),Total number of households covered under Public Distribution System (PDS) in the Gram Panchayat,Total number of eligible households in Public Distribution Scheme in Gram Panchayat,https://pai.gov.in/MMS/Indicator/Theme-Indicators.aspx?t=1&s=2,2026-09-06T06:50:29Z
PAI 2.0,2023-2024,1,t1_poverty_free_and_enhanced_livelihoods_panchayat,36,Mandatory,ratio,Percentage of Household with Water Tap connections in the Gram Panchayat,Total number of Households with Water Tap connections in the Gram Panchayat,Total number of Households in Gram Panchayat,https://pai.gov.in/MMS/Indicator/Theme-Indicators.aspx?t=1&s=2,2026-09-06T06:50:29Z
PAI 2.0,2023-2024,1,t1_poverty_free_and_enhanced_livelihoods_panchayat,47,Mandatory,ratio,Percentage of children aged under 5 years who are underweight under Saksham Anganwadi and Mission Poshan 2.0,Total underweight children under 5 Years registered in Poshan Tracker under Saksham Anganwadi and Mission Poshan 2.0,Total number of children under 5 Years registered in Poshan Tracker under Saksham Anganwadi and Mission Poshan 2.0 (Age as on 31st March 2024),https://pai.gov.in/MMS/Indicator/Theme-Indicators.aspx?t=1&s=2,2026-09-06T06:50:29Z
PAI 2.0,2023-2024,1,t1_poverty_free_and_enhanced_livelihoods_panchayat,408,Mandatory,ratio,Percentage of women (out of total eligible population) receiving social protection benefits under Pradhan Mantri matri Vandana Yojana (PMMVY),Total number of women beneficiaries receiving social protection benefits under Pradhan Mantri Vandana Yojana (PMMVY) during the reference year,Total number of women beneficiaries enrolled under Pradhan Mantri Vandana Yojana (PMMVY) during the reference year,https://pai.gov.in/MMS/Indicator/Theme-Indicators.aspx?t=1&s=2,2026-09-06T06:50:29Z
PAI 2.0,2023-2024,1,t1_poverty_free_and_enhanced_livelihoods_panchayat,422,Mandatory,ratio,Percentage of Households living in Kuccha houses as defined in PMAY,Total number of Households(HHs) living in Kuccha House in the Gram Panchayat as defined in PMAY,Total number of Households in Gram Panchayat,https://pai.gov.in/MMS/Indicator/Theme-Indicators.aspx?t=1&s=2,2026-09-06T06:50:29Z
PAI 2.0,2023-2024,1,t1_poverty_free_and_enhanced_livelihoods_panchayat,566,Mandatory,ratio,Percentage of Self Help Group (SHGs) accessed Bank Loans in the reference year,Total number of Self Help Group (SHGs) accessed bank loans in the reference year,Total number of Self Help Group (SHGs) in Gram Panchayat,https://pai.gov.in/MMS/Indicator/Theme-Indicators.aspx?t=1&s=2,2026-09-06T06:50:29Z
PAI 2.0,2023-2024,1,t1_poverty_free_and_enhanced_livelihoods_panchayat,689,Mandatory,ratio,Percentage of Eligible Old Age Persons receiving Pensions under INDIRA GANDHI NATIONAL OLD AGE PENSION SCHEME (IGNOAPS) in the Gram Panchayat,Total number of old age persons receiving pension under INDIRA GANDHI NATIONAL OLD AGE PENSION SCHEME (IGNOAPS) of Central Government,Total number of Eligible Old Persons for INDIRA GANDHI NATIONAL OLD AGE PENSION SCHEME (IGNOAPS) of Central Government,https://pai.gov.in/MMS/Indicator/Theme-Indicators.aspx?t=1&s=2,2026-09-06T06:50:29Z
PAI 2.0,2023-2024,1,t1_poverty_free_and_enhanced_livelihoods_panchayat,703,Mandatory,ratio,Percentage of households that availed employment through Mahatma Gandhi NREGS,Total number of Households that were offered employment under MGNREGS during the reference year,Total number of Households that demanded employment under MGNREGS during the reference year,https://pai.gov.in/MMS/Indicator/Theme-Indicators.aspx?t=1&s=2,2026-09-06T06:50:29Z
PAI 2.0,2023-2024,1,t1_poverty_free_and_enhanced_livelihoods_panchayat,704,Mandatory,ratio,Percentage of Irrigated land in Gram Panchayat,Total Irrigated land in Gram Panchayat (in hectares),Total cultivable area in Gram Panchayat (in hectares),https://pai.gov.in/MMS/Indicator/Theme-Indicators.aspx?t=1&s=2,2026-09-06T06:50:29Z
PAI 2.0,2023-2024,1,t1_poverty_free_and_enhanced_livelihoods_panchayat,706,Mandatory,ratio,Precentage of Eligible Senior Citizens/Old Age Persons receiving Pensions under any State Specific scheme in the Gram Panchayat,Total number of old age persons/Senior Citizen receiving pension under Old Age Pension Schemes of State Government,Total number of Eligible Old Persons/Senior Citizen for Old Age Pension Scheme of State Government,https://pai.gov.in/MMS/Indicator/Theme-Indicators.aspx?t=1&s=2,2026-09-06T06:50:29Z
PAI 2.0,2023-2024,1,t1_poverty_free_and_enhanced_livelihoods_panchayat,711,Mandatory,binary,Whether basic banking services such as Money Deposit/Withdrawal are available in Gram Panchayat through Bank Branch/ Bank Correspondence/ Bank Mitra etc.,Whether basic banking services such as Money Deposit/Withdrawal are available in Gram Panchayat through Bank Branch/ Bank Correspondence/ Bank Mitra etc.,,https://pai.gov.in/MMS/Indicator/Theme-Indicators.aspx?t=1&s=2,2026-09-06T06:50:29Z
PAI 2.0,2023-2024,2,t2_healthy_panchayat,39,Mandatory,ratio,Percentage of births attended by skilled health personnel or institutional delivery (Period 1 year) during reference year,Number of Home Deliveries attended by Skill Birth Attendant (SBA) (Doctor/Nurse/ANM) + Number of Institutional Deliveries conducted (Including C-Sections),Total number of Deliveries Reported (Home - Skill Birth Attendant Skill Birth Attendant (SBA) + Home - Non-SBA + Institutional),https://pai.gov.in/MMS/Indicator/Theme-Indicators.aspx?t=2&s=2,2026-09-06T06:50:29Z
PAI 2.0,2023-2024,2,t2_healthy_panchayat,40,Mandatory,ratio,Percentage of Pregnant Women with a live birth during the reference year who have received 4 or more Antenatal check up (ANC),Number of Pregnant Women with a live birth during the reference year who have received 4 or more Ante Natal Check up (ANC),Number of Pregnant Women with a live birth during the reference year,https://pai.gov.in/MMS/Indicator/Theme-Indicators.aspx?t=2&s=2,2026-09-06T06:50:29Z
PAI 2.0,2023-2024,2,t2_healthy_panchayat,41,Mandatory,ratio,Percentage of Ante Natal Check up (ANC) registration in 1st trimester to total ANC registration,"Out of the total NEW ANC registered, number registered within 1st trimester (within 12 weeks)",Total number of NEW Pregnant Women registered for Ante Natal Check up (ANC) during the reference year,https://pai.gov.in/MMS/Indicator/Theme-Indicators.aspx?t=2&s=2,2026-09-06T06:50:29Z
PAI 2.0,2023-2024,2,t2_healthy_panchayat,46,Mandatory,ratio,Percentage of children aged between 9 and <12 months who are fully immunized during the reference year,Total number of children aged between 9 and < 12 months who are fully immunized during the reference year,Total number of children aged between 9 and < 12 months,https://pai.gov.in/MMS/Indicator/Theme-Indicators.aspx?t=2&s=2,2026-09-06T06:50:29Z
PAI 2.0,2023-2024,2,t2_healthy_panchayat,47,Mandatory,ratio,Percentage of children aged under 5 years who are underweight under Saksham Anganwadi and Mission Poshan 2.0,Total underweight children under 5 Years registered in Poshan Tracker under Saksham Anganwadi and Mission Poshan 2.0,Total number of children under 5 Years registered in Poshan Tracker under Saksham Anganwadi and Mission Poshan 2.0 (Age as on 31st March 2024),https://pai.gov.in/MMS/Indicator/Theme-Indicators.aspx?t=2&s=2,2026-09-06T06:50:29Z
PAI 2.0,2023-2024,2,t2_healthy_panchayat,66,Mandatory,ratio,Under 1 Year mortality rate of child per 1000 live births during the reference year (Age as on 31st March),Total Infants deaths of age less than 1 year during the reference year (Age as on 31st March),Total live birth in Gram Panchayat during the reference year( as on 31st March),https://pai.gov.in/MMS/Indicator/Theme-Indicators.aspx?t=2&s=2,2026-09-06T06:50:29Z
PAI 2.0,2023-2024,2,t2_healthy_panchayat,76,Mandatory,ratio,Percentage of children under age 5 years who are stunted under Saksham Anganwadi and Mission Poshan 2.0,Total number of stunted children under 5 Years registered in Poshan Tracker under Saksham Anganwadi and Mission Poshan 2.0 (Age as on 31st March 2024),Total number of children under 5 Years registered in Poshan Tracker under Saksham Anganwadi and Mission Poshan 2.0 (Age as on 31st March 2024),https://pai.gov.in/MMS/Indicator/Theme-Indicators.aspx?t=2&s=2,2026-09-06T06:50:29Z
PAI 2.0,2023-2024,2,t2_healthy_panchayat,395,Optional,ratio,Percentage of Children age 6-59 months who are anaemic (<11.0g/dl) (Age as on 31st March 2024),Total number of children age 6-59 months who are anemic (<11.0g/dl) (Age as on 31st March 2024),Total number of children age 6-59 months in Gram Panchayat (Age as on 31st March 2024),https://pai.gov.in/MMS/Indicator/Theme-Indicators.aspx?t=2&s=2,2026-09-06T06:50:29Z
PAI 2.0,2023-2024,2,t2_healthy_panchayat,542,Mandatory,ratio,Percentage of children under age 5 years who are wasted under Saksham Anganwadi and Mission Poshan 2.0,Total number of wasted children under 5 Year registered in Poshan Tracker under Saksham Anganwadi and Mission Poshan 2.0 (Age as on 31st March 2024),Total number of children under 5 Years registered in Poshan Tracker under Saksham Anganwadi and Mission Poshan 2.0 (Age as on 31st March 2024),https://pai.gov.in/MMS/Indicator/Theme-Indicators.aspx?t=2&s=2,2026-09-06T06:50:29Z
PAI 2.0,2023-2024,2,t2_healthy_panchayat,550,Mandatory,ratio,Percentage of maternal death to live birth during the reference year,Total Maternal Deaths during the reference year,Total live birth in Gram Panchayat during the reference year( as on 31st March),https://pai.gov.in/MMS/Indicator/Theme-Indicators.aspx?t=2&s=2,2026-09-06T06:50:29Z
PAI 2.0,2023-2024,2,t2_healthy_panchayat,708,Mandatory,binary,"Whether all Auxiliary Nurse Midwife (ANM) posts ( Saction and in Position for Regular, Contractual and Outsourced) have been filled up in Health Sub Centers","Whether all Auxiliary Nurse Midwife (ANM) posts ( Saction and in Position for Regular, Contractual and Outsourced) have been filled up in Health Sub Centers",,https://pai.gov.in/MMS/Indicator/Theme-Indicators.aspx?t=2&s=2,2026-09-06T06:50:29Z
PAI 2.0,2023-2024,2,t2_healthy_panchayat,726,Mandatory,binary,Whether Village Health & Nutrition Day is observed monthly in Gram Panchayat,Whether Village Health & Nutrition Day is observed monthly in Gram Panchayat,,https://pai.gov.in/MMS/Indicator/Theme-Indicators.aspx?t=2&s=2,2026-09-06T06:50:29Z
PAI 2.0,2023-2024,2,t2_healthy_panchayat,730,Mandatory,binary,Whether the Gram Panchayat has access to reliable Ambulance service,Whether the Gram Panchayat has access to reliable Ambulance service,,https://pai.gov.in/MMS/Indicator/Theme-Indicators.aspx?t=2&s=2,2026-09-06T06:50:29Z
PAI 2.0,2023-2024,2,t2_healthy_panchayat,749,Mandatory,binary,Whether all Asha workers ( Saction Posts) have been filled up in Gram Panchayat,Whether all Asha workers ( Sanction Posts) have been filled up in Gram Panchayat,,https://pai.gov.in/MMS/Indicator/Theme-Indicators.aspx?t=2&s=2,2026-09-06T06:50:29Z
PAI 2.0,2023-2024,2,t2_healthy_panchayat,751,Mandatory,binary,Whether GP donot have any active case of TB Patient during the reference year,Whether GP do not have any active case of TB Patient during the reference year.,,https://pai.gov.in/MMS/Indicator/Theme-Indicators.aspx?t=2&s=2,2026-09-06T06:50:29Z
PAI 2.0,2023-2024,3,t3_child_friendly_panchayat,46,Mandatory,ratio,Percentage of children aged between 9 and <12 months who are fully immunized during the reference year,Total number of children aged between 9 and < 12 months who are fully immunized during the reference year,Total number of children aged between 9 and < 12 months,https://pai.gov.in/MMS/Indicator/Theme-Indicators.aspx?t=3&s=2,2026-09-06T06:50:29Z
PAI 2.0,2023-2024,3,t3_child_friendly_panchayat,47,Mandatory,ratio,Percentage of children aged under 5 years who are underweight under Saksham Anganwadi and Mission Poshan 2.0,Total underweight children under 5 Years registered in Poshan Tracker under Saksham Anganwadi and Mission Poshan 2.0,Total number of children under 5 Years registered in Poshan Tracker under Saksham Anganwadi and Mission Poshan 2.0 (Age as on 31st March 2024),https://pai.gov.in/MMS/Indicator/Theme-Indicators.aspx?t=3&s=2,2026-09-06T06:50:29Z
PAI 2.0,2023-2024,3,t3_child_friendly_panchayat,62,Mandatory,ratio,Percentage of Children in Gram Panchayat whose birth has been registered during the reference year,Total number of Children in Gram Panchayat whose birth has been registered during the reference year,Total live birth in Gram Panchayat during the reference year( as on 31st March),https://pai.gov.in/MMS/Indicator/Theme-Indicators.aspx?t=3&s=2,2026-09-06T06:50:29Z
PAI 2.0,2023-2024,3,t3_child_friendly_panchayat,66,Mandatory,ratio,Under 1 Year mortality rate of child per 1000 live births during the reference year (Age as on 31st March),Total Infants deaths of age less than 1 year during the reference year (Age as on 31st March),Total live birth in Gram Panchayat during the reference year( as on 31st March),https://pai.gov.in/MMS/Indicator/Theme-Indicators.aspx?t=3&s=2,2026-09-06T06:50:29Z
PAI 2.0,2023-2024,3,t3_child_friendly_panchayat,76,Mandatory,ratio,Percentage of children under age 5 years who are stunted under Saksham Anganwadi and Mission Poshan 2.0,Total number of stunted children under 5 Years registered in Poshan Tracker under Saksham Anganwadi and Mission Poshan 2.0 (Age as on 31st March 2024),Total number of children under 5 Years registered in Poshan Tracker under Saksham Anganwadi and Mission Poshan 2.0 (Age as on 31st March 2024),https://pai.gov.in/MMS/Indicator/Theme-Indicators.aspx?t=3&s=2,2026-09-06T06:50:29Z
PAI 2.0,2023-2024,3,t3_child_friendly_panchayat,81,Mandatory,ratio,Percentage of children between ages 3-6 years receiving formal pre-school education or early childhood care in Anganwadi Center,Total number of Children Aged 3-6 years receiving Pre School education or early childhood care in Anganwadi Center,Total number of children (3-6 years) registered in Poshan Tracker under Saksham Anganwadi and Mission Poshan 2.0,https://pai.gov.in/MMS/Indicator/Theme-Indicators.aspx?t=3&s=2,2026-09-06T06:50:29Z
PAI 2.0,2023-2024,3,t3_child_friendly_panchayat,82,Mandatory,ratio,Transition Rate (Primary),Fresh enrolment in class 6th of Children in the present year 2023- 24,Class 5th enrolment previous year (22-23),https://pai.gov.in/MMS/Indicator/Theme-Indicators.aspx?t=3&s=2,2026-09-06T06:50:29Z
PAI 2.0,2023-2024,3,t3_child_friendly_panchayat,83,Mandatory,ratio,Transition Rate (Upper Primary),Fresh enrolment in class 9th of Children in the present year 2023- 24,Class 8th enrolment previous year (22-23),https://pai.gov.in/MMS/Indicator/Theme-Indicators.aspx?t=3&s=2,2026-09-06T06:50:29Z
PAI 2.0,2023-2024,3,t3_child_friendly_panchayat,97,Mandatory,ratio,"Percentage of Anganwadi Center having own building with basic facilities ( Electricity, Drinking Water & Toilet) in Gram Panchayat","Total number of Anganwadi Center having own building with Electricity, Drinking Water & Toilet facilties",Total number of Anganwadi Centres having own building,https://pai.gov.in/MMS/Indicator/Theme-Indicators.aspx?t=3&s=2,2026-09-06T06:50:29Z
PAI 2.0,2023-2024,3,t3_child_friendly_panchayat,129,Mandatory,binary,Whether any crime against children were reported from Gram Panchayat during the reference year,Whether any crime against children were reported from Gram Panchayat during the reference year,,https://pai.gov.in/MMS/Indicator/Theme-Indicators.aspx?t=3&s=2,2026-09-06T06:50:29Z
PAI 2.0,2023-2024,3,t3_child_friendly_panchayat,532,Mandatory,binary,Whether Bal Sabha is conducted in Gram Panchayat during reference year,Whether Bal Sabha is conducted in Gram Panchayat during reference year,,https://pai.gov.in/MMS/Indicator/Theme-Indicators.aspx?t=3&s=2,2026-09-06T06:50:29Z
PAI 2.0,2023-2024,3,t3_child_friendly_panchayat,542,Mandatory,ratio,Percentage of children under age 5 years who are wasted under Saksham Anganwadi and Mission Poshan 2.0,Total number of wasted children under 5 Year registered in Poshan Tracker under Saksham Anganwadi and Mission Poshan 2.0 (Age as on 31st March 2024),Total number of children under 5 Years registered in Poshan Tracker under Saksham Anganwadi and Mission Poshan 2.0 (Age as on 31st March 2024),https://pai.gov.in/MMS/Indicator/Theme-Indicators.aspx?t=3&s=2,2026-09-06T06:50:29Z
PAI 2.0,2023-2024,3,t3_child_friendly_panchayat,596,Mandatory,ratio,Percentage of Primary Schools having Children with Special Needs (CWSN) toilet,Total number of Primary Schools having Children With Special Needs toilets (CWSN),Total number of schools having a primary section in GP,https://pai.gov.in/MMS/Indicator/Theme-Indicators.aspx?t=3&s=2,2026-09-06T06:50:29Z
PAI 2.0,2023-2024,3,t3_child_friendly_panchayat,612,Mandatory,ratio,"Percentage of Primary School having own building with basic facilities (Electricity, Drinking water, and separate Toilets for Boys & Girls) in Gram Panchayat","Total number of Primary School having own building with basic facilities (Electricity, Drinking water, and separate Toilets for Boys & Girls) in Gram Panchayat",Total number of schools having a primary section in GP,https://pai.gov.in/MMS/Indicator/Theme-Indicators.aspx?t=3&s=2,2026-09-06T06:50:29Z
PAI 2.0,2023-2024,3,t3_child_friendly_panchayat,705,Mandatory,ratio,Percentage of primary school have Pupil Teacher Ratio (PTR) less than 30,Total number of Primary School having Pupil Teacher Ratio (PTR) less than 30,Total number of schools having a primary section in GP,https://pai.gov.in/MMS/Indicator/Theme-Indicators.aspx?t=3&s=2,2026-09-06T06:50:29Z
PAI 2.0,2023-2024,4,t4_water_sufficient_panchayat,36,Mandatory,ratio,Percentage of Household with Water Tap connections in the Gram Panchayat,Total number of Households with Water Tap connections in the Gram Panchayat,Total number of Households in Gram Panchayat,https://pai.gov.in/MMS/Indicator/Theme-Indicators.aspx?t=4&s=2,2026-09-06T06:50:29Z
PAI 2.0,2023-2024,4,t4_water_sufficient_panchayat,156,Mandatory,binary,Whether 100% testing of drinking water sources is done in Gram Panchayat by using Field Testing Kit (FTK),Whether 100% testing of drinking water sources is done in Gram Panchayat by using Field Testing Kit (FTK),,https://pai.gov.in/MMS/Indicator/Theme-Indicators.aspx?t=4&s=2,2026-09-06T06:50:29Z
PAI 2.0,2023-2024,4,t4_water_sufficient_panchayat,170,Optional,ratio,"Percentage of Public Buildings ( Schools , Anganwadis, Gram Panchayat Bhawan ) are having functional rainwater harvesting structures in the Gram Panchayat","Total number of Public Buildings ( Schools , Anganwadis, Gram Panchayat Bhawan) having functional Rainwater harvesting structures in the Gram Panchayat","Total number of Public Buildings ( Schools, Anganwadi and Gram Panchayat Bhawan) in Gram Panchayat",https://pai.gov.in/MMS/Indicator/Theme-Indicators.aspx?t=4&s=2,2026-09-06T06:50:29Z
PAI 2.0,2023-2024,4,t4_water_sufficient_panchayat,172,Optional,ratio,"Percentage of water bodies (Ponds, Lakes, Well etc) taken up for desilting /deepening or Special repair","Total number of water bodies (Reserviors, Canals, Ponds, Lakes, Well etc) taken up for desilting /deepening or Special repair","Total number of water bodies (Reserviors, Canals, Ponds, Lakes, Well etc) in Gram Panchayat",https://pai.gov.in/MMS/Indicator/Theme-Indicators.aspx?t=4&s=2,2026-09-06T06:50:29Z
PAI 2.0,2023-2024,4,t4_water_sufficient_panchayat,173,Mandatory,binary,Whether the Village water Sanitation Committee (VWSC) is functional in the Gram Panchayat,Whether the Village Water Sanitation Committee (VWSC) is functional in the Gram Panchayat,,https://pai.gov.in/MMS/Indicator/Theme-Indicators.aspx?t=4&s=2,2026-09-06T06:50:29Z
PAI 2.0,2023-2024,4,t4_water_sufficient_panchayat,176,Mandatory,binary,Whether Panchayat do water budgeting,Whether Panchayat do water budgeting ?,,https://pai.gov.in/MMS/Indicator/Theme-Indicators.aspx?t=4&s=2,2026-09-06T06:50:29Z
PAI 2.0,2023-2024,4,t4_water_sufficient_panchayat,692,Mandatory,ratio,Percentage of Expenditure from MGNREGS for Natural Resource Management (NRM) during reference year,Total Expenditure incurred in Natural Resource Management (NRM) works under MGNREGS during the reference year,Total Expenditure incurred towards all works under MGNREGS during the reference year,https://pai.gov.in/MMS/Indicator/Theme-Indicators.aspx?t=4&s=2,2026-09-06T06:50:29Z
PAI 2.0,2023-2024,4,t4_water_sufficient_panchayat,712,Mandatory,binary,Whether Gram Panchayat has been declared Har Ghar Jal certified?,Whether Gram Panchayat has been declared Har Ghar Jal certified?,,https://pai.gov.in/MMS/Indicator/Theme-Indicators.aspx?t=4&s=2,2026-09-06T06:50:29Z
PAI 2.0,2023-2024,4,t4_water_sufficient_panchayat,719,Mandatory,binary,Whether Gram Panchayat has been declared ODF plus?,Whether Gram Panchayat has been declared ODF plus,,https://pai.gov.in/MMS/Indicator/Theme-Indicators.aspx?t=4&s=2,2026-09-06T06:50:29Z
PAI 2.0,2023-2024,4,t4_water_sufficient_panchayat,753,Mandatory,binary,Whether atleast 50% of tied fund of 15th Finance Commission Grant released to the Gram Panchayat has been utlised on infrastructure & maintainence of drinking water by Gram Panchayat,Whether at least 50% of tied fund of 15th Finance Commission Grant released to the Gram Panchayat has been utilized on infrastructure & maintenance of drinking water by Gram Panchayat,,https://pai.gov.in/MMS/Indicator/Theme-Indicators.aspx?t=4&s=2,2026-09-06T06:50:29Z
PAI 2.0,2023-2024,5,t5_clean_and_green_panchayat,181,Mandatory,ratio,Percentage of Individual Household Latrine (IHHL) Toilets,Total number of Individual Household Latrine (IHHL) Toilets,Total Number of Toilets in Gram Panchayat,https://pai.gov.in/MMS/Indicator/Theme-Indicators.aspx?t=5&s=2,2026-09-06T06:50:29Z
PAI 2.0,2023-2024,5,t5_clean_and_green_panchayat,188,Optional,ratio,Percentage of villages having arrangement of Solid Waste Management,Total number of villages having arrangement of solid waste management,Total number of villages in the Gram Panchayat,https://pai.gov.in/MMS/Indicator/Theme-Indicators.aspx?t=5&s=2,2026-09-06T06:50:29Z
PAI 2.0,2023-2024,5,t5_clean_and_green_panchayat,199,Mandatory,binary,Whether the Gram Panchayat has banned single use plastic?,Whether the panchayat has banned single use plastic?,,https://pai.gov.in/MMS/Indicator/Theme-Indicators.aspx?t=5&s=2,2026-09-06T06:50:29Z
PAI 2.0,2023-2024,5,t5_clean_and_green_panchayat,200,Mandatory,ratio,Percentage of household using clean cooking fuel (LPG/Bio Gas) etc.,Total number of households using clean cooking fuel (LPG/Bio Gas) etc.,Total number of Households in Gram Panchayat,https://pai.gov.in/MMS/Indicator/Theme-Indicators.aspx?t=5&s=2,2026-09-06T06:50:29Z
PAI 2.0,2023-2024,5,t5_clean_and_green_panchayat,201,Mandatory,ratio,Percentage of street light for which Renewable Energy is used,Total number of street lights using renewable energy,Total number of street light in Gram Panchayat,https://pai.gov.in/MMS/Indicator/Theme-Indicators.aspx?t=5&s=2,2026-09-06T06:50:29Z
PAI 2.0,2023-2024,5,t5_clean_and_green_panchayat,203,Mandatory,ratio,Percentage of street lights using LED in Gram Panchayat,Total number of Street light using LED in Gram Panchayat,Total number of street light in Gram Panchayat,https://pai.gov.in/MMS/Indicator/Theme-Indicators.aspx?t=5&s=2,2026-09-06T06:50:29Z
PAI 2.0,2023-2024,5,t5_clean_and_green_panchayat,692,Mandatory,ratio,Percentage of Expenditure from MGNREGS for Natural Resource Management (NRM) during reference year,Total Expenditure incurred in Natural Resource Management (NRM) works under MGNREGS during the reference year,Total Expenditure incurred towards all works under MGNREGS during the reference year,https://pai.gov.in/MMS/Indicator/Theme-Indicators.aspx?t=5&s=2,2026-09-06T06:50:29Z
PAI 2.0,2023-2024,5,t5_clean_and_green_panchayat,715,Mandatory,binary,Whether Gram Panchayat has initiated any steps for regular cleaning of public places,Whether Gram Panchayat has initiated any steps for regular cleaning of public places?,,https://pai.gov.in/MMS/Indicator/Theme-Indicators.aspx?t=5&s=2,2026-09-06T06:50:29Z
PAI 2.0,2023-2024,5,t5_clean_and_green_panchayat,719,Mandatory,binary,Whether Gram Panchayat has been declared ODF plus?,Whether Gram Panchayat has been declared ODF plus,,https://pai.gov.in/MMS/Indicator/Theme-Indicators.aspx?t=5&s=2,2026-09-06T06:50:29Z
PAI 2.0,2023-2024,5,t5_clean_and_green_panchayat,725,Mandatory,binary,Whether the nurseries exists in Gram Panchayat?,Whether the nurseries exists in Gram Panchayat?,,https://pai.gov.in/MMS/Indicator/Theme-Indicators.aspx?t=5&s=2,2026-09-06T06:50:29Z
PAI 2.0,2023-2024,5,t5_clean_and_green_panchayat,755,Mandatory,binary,"If yes, whether the Gram Panchayat has ensured the maintenance of nurseries","If yes, whether the Gram Panchayat has ensured the maintenance of nurseries",,https://pai.gov.in/MMS/Indicator/Theme-Indicators.aspx?t=5&s=2,2026-09-06T06:50:29Z
PAI 2.0,2023-2024,6,t6_self_sufficient_infrastructure_in_panchayat,97,Mandatory,ratio,"Percentage of Anganwadi Center having own building with basic facilities ( Electricity, Drinking Water & Toilet) in Gram Panchayat","Total number of Anganwadi Center having own building with Electricity, Drinking Water & Toilet facilties",Total number of Anganwadi Centres having own building,https://pai.gov.in/MMS/Indicator/Theme-Indicators.aspx?t=6&s=2,2026-09-06T06:50:29Z
PAI 2.0,2023-2024,6,t6_self_sufficient_infrastructure_in_panchayat,124,Optional,binary,Whether functional public library is available in Gram Panchayat area,Whether functional public library is available in the Gram Panchayat?,,https://pai.gov.in/MMS/Indicator/Theme-Indicators.aspx?t=6&s=2,2026-09-06T06:50:29Z
PAI 2.0,2023-2024,6,t6_self_sufficient_infrastructure_in_panchayat,226,Mandatory,binary,Whether Gram Panchayat Bhawan/ Panchayat Ghar has Computer with Internet facility?,Whether Gram Panchayat Bhawan/ Panchayat Ghar has Computer with Internet facility?,,https://pai.gov.in/MMS/Indicator/Theme-Indicators.aspx?t=6&s=2,2026-09-06T06:50:29Z
PAI 2.0,2023-2024,6,t6_self_sufficient_infrastructure_in_panchayat,265,Optional,binary,Whether Gram Panchayat has access to nearby Livestock Center (0-5 KM),Whether Gram Panchayat has access to nearby Livestock Center (0-5 KM),,https://pai.gov.in/MMS/Indicator/Theme-Indicators.aspx?t=6&s=2,2026-09-06T06:50:29Z
PAI 2.0,2023-2024,6,t6_self_sufficient_infrastructure_in_panchayat,347,Mandatory,ratio,Percentage of habitations connected with all weather roads,Total number of habitations connected with all weather roads in Gram Panchayat,Total number of habitations in Gram Panchayat,https://pai.gov.in/MMS/Indicator/Theme-Indicators.aspx?t=6&s=2,2026-09-06T06:50:29Z
PAI 2.0,2023-2024,6,t6_self_sufficient_infrastructure_in_panchayat,348,Mandatory,binary,Whether all weather roads are connected from Gram Panchayat to main road,Whether all roads are connected from Gram Panchayat to main road,,https://pai.gov.in/MMS/Indicator/Theme-Indicators.aspx?t=6&s=2,2026-09-06T06:50:29Z
PAI 2.0,2023-2024,6,t6_self_sufficient_infrastructure_in_panchayat,365,Mandatory,binary,Whether Gram Panchayat has Play Ground during the reference year,Whether Gram Panchayat has Play Ground during the reference year,,https://pai.gov.in/MMS/Indicator/Theme-Indicators.aspx?t=6&s=2,2026-09-06T06:50:29Z
PAI 2.0,2023-2024,6,t6_self_sufficient_infrastructure_in_panchayat,608,Mandatory,binary,"Whether Gram Panchayat Bhawan / Panchayat Ghar having own building with basic facilities (Electricity, Drinking water, and separate Toilets for men & women)?","Whether Gram Panchayat Bhawan / Panchayat Ghar having own building with basic facilities (Electricity, Drinking water, and separate Toilets for men & women)",,https://pai.gov.in/MMS/Indicator/Theme-Indicators.aspx?t=6&s=2,2026-09-06T06:50:29Z
PAI 2.0,2023-2024,6,t6_self_sufficient_infrastructure_in_panchayat,612,Mandatory,ratio,"Percentage of Primary School having own building with basic facilities (Electricity, Drinking water, and separate Toilets for Boys & Girls) in Gram Panchayat","Total number of Primary School having own building with basic facilities (Electricity, Drinking water, and separate Toilets for Boys & Girls) in Gram Panchayat",Total number of schools having a primary section in GP,https://pai.gov.in/MMS/Indicator/Theme-Indicators.aspx?t=6&s=2,2026-09-06T06:50:29Z
PAI 2.0,2023-2024,6,t6_self_sufficient_infrastructure_in_panchayat,613,Mandatory,binary,"Whether Common Service Center (CSC) is functional with basic facilities such as Electricity, Internet, Printer, Computer and Manpower in Gram Panchayat area","Whether Common Service Center (CSC) is functional with basic facilities such as Electricity, Internet, Printer, Computer and Manpower in Gram Panchayat area",,https://pai.gov.in/MMS/Indicator/Theme-Indicators.aspx?t=6&s=2,2026-09-06T06:50:29Z
PAI 2.0,2023-2024,6,t6_self_sufficient_infrastructure_in_panchayat,619,Optional,binary,Whether Gram Panchayat has identified Disaster Shelter building,Whether Gram Panchayat has identified Disaster Shelter building,,https://pai.gov.in/MMS/Indicator/Theme-Indicators.aspx?t=6&s=2,2026-09-06T06:50:29Z
PAI 2.0,2023-2024,6,t6_self_sufficient_infrastructure_in_panchayat,621,Mandatory,binary,"Whether the Burial /Cremation Ground has all basic facilities (water, toilet, sitting facilities etc) in Gram Panchayat","Whether the Burial /Cremation Ground has all basic facilities (water, toilet, sitting facilities etc) in Gram Panchayat",,https://pai.gov.in/MMS/Indicator/Theme-Indicators.aspx?t=6&s=2,2026-09-06T06:50:29Z
PAI 2.0,2023-2024,6,t6_self_sufficient_infrastructure_in_panchayat,624,Mandatory,binary,Whether Gram Panchayat has a Functional and ready to use Community Hall,Whether Gram Panchayat has a Functional and ready to use Community Hall,,https://pai.gov.in/MMS/Indicator/Theme-Indicators.aspx?t=6&s=2,2026-09-06T06:50:29Z
PAI 2.0,2023-2024,6,t6_self_sufficient_infrastructure_in_panchayat,625,Mandatory,binary,"Whether Ayushman Bharat Health and Wellness Centers/ Health Sub Center (HSC) with basic facilities (Electricity, Drinking water, and separate Toilets for men & women) located in Gram Panchayat","Whether Ayushman Bharat Health and Wellness Centers/ Health Sub Center (HSC) with basic facilities (Electricity, Drinking water, and separate Toilets for men & women) located in Gram Panchayat",,https://pai.gov.in/MMS/Indicator/Theme-Indicators.aspx?t=6&s=2,2026-09-06T06:50:29Z
PAI 2.0,2023-2024,6,t6_self_sufficient_infrastructure_in_panchayat,702,Mandatory,ratio,Percentage of habitation / villages having street lights,Total number of habitation / villages having Street light installed in Gram Panchayat,Total number of habitation / villages in Gram Panchayat,https://pai.gov.in/MMS/Indicator/Theme-Indicators.aspx?t=6&s=2,2026-09-06T06:50:29Z
PAI 2.0,2023-2024,6,t6_self_sufficient_infrastructure_in_panchayat,712,Mandatory,binary,Whether Gram Panchayat has been declared Har Ghar Jal certified?,Whether Gram Panchayat has been declared Har Ghar Jal certified?,,https://pai.gov.in/MMS/Indicator/Theme-Indicators.aspx?t=6&s=2,2026-09-06T06:50:29Z
PAI 2.0,2023-2024,6,t6_self_sufficient_infrastructure_in_panchayat,719,Mandatory,binary,Whether Gram Panchayat has been declared ODF plus?,Whether Gram Panchayat has been declared ODF plus,,https://pai.gov.in/MMS/Indicator/Theme-Indicators.aspx?t=6&s=2,2026-09-06T06:50:29Z
PAI 2.0,2023-2024,6,t6_self_sufficient_infrastructure_in_panchayat,738,Mandatory,binary,"Whether Gram Panchayat has facilities (shelter, water, food, medical facilities) for the stray animal","Whether Gram Panchayat has facilities (shelter, water, food, medical facilities) for the stray animal",,https://pai.gov.in/MMS/Indicator/Theme-Indicators.aspx?t=6&s=2,2026-09-06T06:50:29Z
PAI 2.0,2023-2024,7,t7_socially_just_and_socially_secured_panchayat,20,Mandatory,ratio,Percentage of Households covered by a Health Scheme /Health Insurance of State or Central Government during the reference year,Total number of Households covered by a Health Scheme /Health Insurance of State or Central Government during the reference year,Total number of eligible Households for the Health Scheme / Health Insurance in Gram Panchayat,https://pai.gov.in/MMS/Indicator/Theme-Indicators.aspx?t=7&s=2,2026-09-06T06:50:29Z
PAI 2.0,2023-2024,7,t7_socially_just_and_socially_secured_panchayat,33,Mandatory,ratio,Percentage of eligible Households having Priority Household (PHH) & Antyodaya Anna Yojana (AAY) ration cards,Total number of households having Priority Household (PHH) & Antyodaya Anna Yojana (AAY) Ration Cards,Total number of eligible Households in Priority Household (PHH) & Antyodaya Anna Yojana(AAY) category,https://pai.gov.in/MMS/Indicator/Theme-Indicators.aspx?t=7&s=2,2026-09-06T06:50:29Z
PAI 2.0,2023-2024,7,t7_socially_just_and_socially_secured_panchayat,47,Mandatory,ratio,Percentage of children aged under 5 years who are underweight under Saksham Anganwadi and Mission Poshan 2.0,Total underweight children under 5 Years registered in Poshan Tracker under Saksham Anganwadi and Mission Poshan 2.0,Total number of children under 5 Years registered in Poshan Tracker under Saksham Anganwadi and Mission Poshan 2.0 (Age as on 31st March 2024),https://pai.gov.in/MMS/Indicator/Theme-Indicators.aspx?t=7&s=2,2026-09-06T06:50:29Z
PAI 2.0,2023-2024,7,t7_socially_just_and_socially_secured_panchayat,129,Mandatory,binary,Whether any crime against children were reported from Gram Panchayat during the reference year,Whether any crime against children were reported from Gram Panchayat during the reference year,,https://pai.gov.in/MMS/Indicator/Theme-Indicators.aspx?t=7&s=2,2026-09-06T06:50:29Z
PAI 2.0,2023-2024,7,t7_socially_just_and_socially_secured_panchayat,185,Mandatory,ratio,Percentage of community toilets having a toilet designed for Divyang (disabled) in Gram Panchayat,Total number of community toilets having a toilets designed for Divyang in Gram Panchayat,Total number of community toilets in Gram Panchayat,https://pai.gov.in/MMS/Indicator/Theme-Indicators.aspx?t=7&s=2,2026-09-06T06:50:29Z
PAI 2.0,2023-2024,7,t7_socially_just_and_socially_secured_panchayat,410,Mandatory,ratio,Percentage of Eligible Disabled Person receiving Disability Pensions under any State Specific scheme in the Gram Panchayat,Total number of disabled Person receiving pension under Disability Pension Schemes of State Government,Total number of Eligible disabled Person for Disability Pension Scheme of State Government,https://pai.gov.in/MMS/Indicator/Theme-Indicators.aspx?t=7&s=2,2026-09-06T06:50:29Z
PAI 2.0,2023-2024,7,t7_socially_just_and_socially_secured_panchayat,411,Mandatory,ratio,Percentage of Differently abled persons provided with Assistive devices in Gram Panchayat,Total number of Differently abled persons provided with Assistive devices in Gram Panchayat,Total number of Differently abled persons in Gram Panchayat,https://pai.gov.in/MMS/Indicator/Theme-Indicators.aspx?t=7&s=2,2026-09-06T06:50:29Z
PAI 2.0,2023-2024,7,t7_socially_just_and_socially_secured_panchayat,416,Mandatory,binary,Whether crime against differently abled reported from Gram Panchayat during reference year,Whether crime against differently abled reported from Gram Panchayat during reference year,,https://pai.gov.in/MMS/Indicator/Theme-Indicators.aspx?t=7&s=2,2026-09-06T06:50:29Z
PAI 2.0,2023-2024,7,t7_socially_just_and_socially_secured_panchayat,422,Mandatory,ratio,Percentage of Households living in Kuccha houses as defined in PMAY,Total number of Households(HHs) living in Kuccha House in the Gram Panchayat as defined in PMAY,Total number of Households in Gram Panchayat,https://pai.gov.in/MMS/Indicator/Theme-Indicators.aspx?t=7&s=2,2026-09-06T06:50:29Z
PAI 2.0,2023-2024,7,t7_socially_just_and_socially_secured_panchayat,433,Mandatory,binary,Whether dowry related cases were reported from Gram Panchayat during reference year,Whether dowry related cases were reported from Gram Panchayat during reference year,,https://pai.gov.in/MMS/Indicator/Theme-Indicators.aspx?t=7&s=2,2026-09-06T06:50:29Z
PAI 2.0,2023-2024,7,t7_socially_just_and_socially_secured_panchayat,439,Mandatory,binary,Whether any Missing Children reported from Gram Panchayat during reference year,Whether any Missing Children reported from Gram Panchayat during reference year,,https://pai.gov.in/MMS/Indicator/Theme-Indicators.aspx?t=7&s=2,2026-09-06T06:50:29Z
PAI 2.0,2023-2024,7,t7_socially_just_and_socially_secured_panchayat,443,Mandatory,binary,Whether Child Marriage has been reported from Gram Panchayat during reference year,Whether Child Marriage has been reported from Gram Panchayat during reference year,,https://pai.gov.in/MMS/Indicator/Theme-Indicators.aspx?t=7&s=2,2026-09-06T06:50:29Z
PAI 2.0,2023-2024,7,t7_socially_just_and_socially_secured_panchayat,577,Mandatory,binary,Whether crime against Women were reported from Gram Panchayat during reference year,Whether crime against Women were reported from Gram Panchayat during reference year,,https://pai.gov.in/MMS/Indicator/Theme-Indicators.aspx?t=7&s=2,2026-09-06T06:50:29Z
PAI 2.0,2023-2024,7,t7_socially_just_and_socially_secured_panchayat,688,Mandatory,ratio,Percentage of Eligible Disabled Person receiving Disability Pensions under INDIRA GANDHI NATIONAL DISABILITY PENSION SCHEME (IGNDPS) in the Gram Panchayat,Total number of Disabled Person receiving pension under INDIRA GANDHI NATIONAL DISABILITY PENSION SCHEME (IGNDPS) of Central Government,Total number of Eligible Disabled Person for INDIRA GANDHI NATIONAL DISABILITY PENSION SCHEME (IGNDPS) Central Government,https://pai.gov.in/MMS/Indicator/Theme-Indicators.aspx?t=7&s=2,2026-09-06T06:50:29Z
PAI 2.0,2023-2024,7,t7_socially_just_and_socially_secured_panchayat,689,Mandatory,ratio,Percentage of Eligible Old Age Persons receiving Pensions under INDIRA GANDHI NATIONAL OLD AGE PENSION SCHEME (IGNOAPS) in the Gram Panchayat,Total number of old age persons receiving pension under INDIRA GANDHI NATIONAL OLD AGE PENSION SCHEME (IGNOAPS) of Central Government,Total number of Eligible Old Persons for INDIRA GANDHI NATIONAL OLD AGE PENSION SCHEME (IGNOAPS) of Central Government,https://pai.gov.in/MMS/Indicator/Theme-Indicators.aspx?t=7&s=2,2026-09-06T06:50:29Z
PAI 2.0,2023-2024,7,t7_socially_just_and_socially_secured_panchayat,690,Mandatory,ratio,Percentage of Eligible Widow receiving Pensions under any State Specific scheme in the Gram Panchayat,Total number of Widow receiving pension under Widow Pension Schemes of State Government,Total number of Eligible Widow for Widow Pension Scheme of State Government,https://pai.gov.in/MMS/Indicator/Theme-Indicators.aspx?t=7&s=2,2026-09-06T06:50:29Z
PAI 2.0,2023-2024,7,t7_socially_just_and_socially_secured_panchayat,691,Mandatory,ratio,Percentage of Eligible Widow receiving Pensions under INDIRA GANDHI NATIONAL WIDOW PENSION SCHEME (IGNWPS) of Central Government in the Gram Panchayat,Total number of Widow receiving under Widow Pension Schemes of INDIRA GANDHI NATIONAL WIDOW PENSION SCHEME (IGNWPS) of Central Government in the Gram Panchayat,Total number of Eligible Widow INDIRA GANDHI NATIONAL WIDOW PENSION SCHEME (IGNWPS) of Central Government,https://pai.gov.in/MMS/Indicator/Theme-Indicators.aspx?t=7&s=2,2026-09-06T06:50:29Z
PAI 2.0,2023-2024,7,t7_socially_just_and_socially_secured_panchayat,703,Mandatory,ratio,Percentage of households that availed employment through Mahatma Gandhi NREGS,Total number of Households that were offered employment under MGNREGS during the reference year,Total number of Households that demanded employment under MGNREGS during the reference year,https://pai.gov.in/MMS/Indicator/Theme-Indicators.aspx?t=7&s=2,2026-09-06T06:50:29Z
PAI 2.0,2023-2024,7,t7_socially_just_and_socially_secured_panchayat,706,Mandatory,ratio,Precentage of Eligible Senior Citizens/Old Age Persons receiving Pensions under any State Specific scheme in the Gram Panchayat,Total number of old age persons/Senior Citizen receiving pension under Old Age Pension Schemes of State Government,Total number of Eligible Old Persons/Senior Citizen for Old Age Pension Scheme of State Government,https://pai.gov.in/MMS/Indicator/Theme-Indicators.aspx?t=7&s=2,2026-09-06T06:50:29Z
PAI 2.0,2023-2024,7,t7_socially_just_and_socially_secured_panchayat,709,Mandatory,binary,Whether any atrocities / crime against SC/ST reported from Gram Panchayat during reference year,Whether any atrocities / crime against SC/ST reported from Gram Panchayat during reference year,,https://pai.gov.in/MMS/Indicator/Theme-Indicators.aspx?t=7&s=2,2026-09-06T06:50:29Z
PAI 2.0,2023-2024,8,t8_panchayat_with_good_governance,32,Mandatory,binary,Whether the Gram Panchayat has the Disaster Management Plan,Whether the Gram Panchayat has the Disaster Management Plan,,https://pai.gov.in/MMS/Indicator/Theme-Indicators.aspx?t=8&s=2,2026-09-06T06:50:29Z
PAI 2.0,2023-2024,8,t8_panchayat_with_good_governance,466,Mandatory,binary,Whether the CSC is co-located in Gram Panchayat/ Gram Panchayat Bhawan,Whether the CSC is co-located in Gram Panchayat/ Gram Panchayat Bhawan,,https://pai.gov.in/MMS/Indicator/Theme-Indicators.aspx?t=8&s=2,2026-09-06T06:50:29Z
PAI 2.0,2023-2024,8,t8_panchayat_with_good_governance,467,Mandatory,binary,Whether online services are being provided at Gram Panchayat,Whether online services provided at Gram Panchayat ?,,https://pai.gov.in/MMS/Indicator/Theme-Indicators.aspx?t=8&s=2,2026-09-06T06:50:29Z
PAI 2.0,2023-2024,8,t8_panchayat_with_good_governance,478,Mandatory,binary,Whether Gram Panchayat has closed provisional accounts in eGramSwaraj Portal within 15 days from the end of year before the reference year (that is by 15th April 2023),Whether Gram Panchayat has closed provisional accounts in eGramSwaraj Portal within 15 days from the end of year before the reference year (that is by 15th April 2023),,https://pai.gov.in/MMS/Indicator/Theme-Indicators.aspx?t=8&s=2,2026-09-06T06:50:29Z
PAI 2.0,2023-2024,8,t8_panchayat_with_good_governance,483,Mandatory,binary,Whether Gram Panchayat Development Plan (24-25) approved and uploaded on eGS portal prior to 31st March 2024,Whether Gram Panchayat Development Plan (24-25) approved and uploaded on eGS portal prior to 31st March 2024,,https://pai.gov.in/MMS/Indicator/Theme-Indicators.aspx?t=8&s=2,2026-09-06T06:50:29Z
PAI 2.0,2023-2024,8,t8_panchayat_with_good_governance,496,Mandatory,binary,Whether Gram Panchayat accounts read out in the Gram Sabha,Whether Gram Panchayat accounts read out in the Gram Sabha?,,https://pai.gov.in/MMS/Indicator/Theme-Indicators.aspx?t=8&s=2,2026-09-06T06:50:29Z
PAI 2.0,2023-2024,8,t8_panchayat_with_good_governance,504,Mandatory,binary,"Whether the List of beneficiaries of all Schemes (MGNREGs, Pension, Housing, Food Security etc) displayed in Gram Panchayat","Whether the List of beneficiaries of all Schemes (MGNREGs, Pension, Housing, Food Security etc) displayed in Gram Panchayat",,https://pai.gov.in/MMS/Indicator/Theme-Indicators.aspx?t=8&s=2,2026-09-06T06:50:29Z
PAI 2.0,2023-2024,8,t8_panchayat_with_good_governance,505,Mandatory,binary,"Whether the List of beneficiaries of all Schemes (MGNREGs, Pension, Housing, Food Security etc) is approved in the Gram Sabha","Whether the List of beneficiaries of all Schemes (MGNREGs, Pension, Housing, Food Security etc) is approved in the Gram Sabha",,https://pai.gov.in/MMS/Indicator/Theme-Indicators.aspx?t=8&s=2,2026-09-06T06:50:29Z
PAI 2.0,2023-2024,8,t8_panchayat_with_good_governance,507,Mandatory,binary,Whether the list of development work display in the Gram Panchayat Bhawan/ Panchayat Ghar,Whether the list of development work display in the Gram Panchayat Bhawan/ Panchayat Ghar,,https://pai.gov.in/MMS/Indicator/Theme-Indicators.aspx?t=8&s=2,2026-09-06T06:50:29Z
PAI 2.0,2023-2024,8,t8_panchayat_with_good_governance,530,Mandatory,binary,Whether Mahila Sabha conducted in Gram Panchayat during reference year,Whether Mahila Sabha conducted in Gram Panchayat during reference year,,https://pai.gov.in/MMS/Indicator/Theme-Indicators.aspx?t=8&s=2,2026-09-06T06:50:29Z
PAI 2.0,2023-2024,8,t8_panchayat_with_good_governance,532,Mandatory,binary,Whether Bal Sabha is conducted in Gram Panchayat during reference year,Whether Bal Sabha is conducted in Gram Panchayat during reference year,,https://pai.gov.in/MMS/Indicator/Theme-Indicators.aspx?t=8&s=2,2026-09-06T06:50:29Z
PAI 2.0,2023-2024,8,t8_panchayat_with_good_governance,678,Mandatory,ratio,Percentage increase in OSR (Own Source Revenue) by Gram Panchayat in reference year,Total OSR (Own Source Revenue) generated during reference year 23-24,Total OSR (Own Source Revenue) generated during 22-23,https://pai.gov.in/MMS/Indicator/Theme-Indicators.aspx?t=8&s=2,2026-09-06T06:50:29Z
PAI 2.0,2023-2024,8,t8_panchayat_with_good_governance,710,Mandatory,binary,Whether any Grievance Handling system is available in Gram Panchayat,Whether any Grievance Handling system is available in Gram Panchayat,,https://pai.gov.in/MMS/Indicator/Theme-Indicators.aspx?t=8&s=2,2026-09-06T06:50:29Z
PAI 2.0,2023-2024,8,t8_panchayat_with_good_governance,717,Mandatory,binary,Whether Gram Sabha has been conducted during the reference year,Whether Gram Sabha has been conducted during the reference year,,https://pai.gov.in/MMS/Indicator/Theme-Indicators.aspx?t=8&s=2,2026-09-06T06:50:29Z
PAI 2.0,2023-2024,8,t8_panchayat_with_good_governance,720,Mandatory,binary,Whether panchayat is doing procurement through GEM (Governement eMarkplace),Whether Gram Panchayat is doing procurement through GEM (Governement eMarkplace),,https://pai.gov.in/MMS/Indicator/Theme-Indicators.aspx?t=8&s=2,2026-09-06T06:50:29Z
PAI 2.0,2023-2024,8,t8_panchayat_with_good_governance,721,Mandatory,binary,Whether Panchayat Nirnay app being used for scheduling of Gram Sabha Meetings and for uploading decisions taken during the meeting,Whether Panchayat Nirnay app being used for scheduling of Gram Sabha Meetings and for uploading decisions taken during the meeting,,https://pai.gov.in/MMS/Indicator/Theme-Indicators.aspx?t=8&s=2,2026-09-06T06:50:29Z
PAI 2.0,2023-2024,8,t8_panchayat_with_good_governance,722,Mandatory,binary,Whether regular Gram Sabha/ GP Meeting held regularly during the reference year,Whether regular Gram Sabha/ GP Meeting held regularly during the reference year,,https://pai.gov.in/MMS/Indicator/Theme-Indicators.aspx?t=8&s=2,2026-09-06T06:50:29Z
PAI 2.0,2023-2024,8,t8_panchayat_with_good_governance,723,Mandatory,binary,"Whether relevant Line Departments (Health, Women & Child Development, Education, Agriculture, Rural Development etc) participated in preparation of Gram Panchayat Development Plan (GPDP)/ Village Level Development Plan (VLDP) during reference year","Whether relevant Line Departments (Health, Women & Child Development, Education, Agriculture, Rural Development etc) participated in preparation of Gram Panchayat Development Plan (GPDP)/ Village Level Development Plan (VLDP) during reference year",,https://pai.gov.in/MMS/Indicator/Theme-Indicators.aspx?t=8&s=2,2026-09-06T06:50:29Z
PAI 2.0,2023-2024,8,t8_panchayat_with_good_governance,724,Mandatory,binary,Whether meeting of Standing Committee are conducting regularly during the reference year,Whether meeting of Standing Committee are conducting regularly during the reference year,,https://pai.gov.in/MMS/Indicator/Theme-Indicators.aspx?t=8&s=2,2026-09-06T06:50:29Z
PAI 2.0,2023-2024,8,t8_panchayat_with_good_governance,727,Mandatory,binary,Whether VPRP (Village Prosperity Resilience Plan) has been discussed in Gram Sabha for incorporating into Gram Panchayat Development Plan (GPDP)/ Village level Development Plan (VLDP) during reference year,Whether VPRP (Village Prosperity Resilience Plan) has been discussed in Gram Sabha for incorporating into Gram Panchayat Development Plan (GPDP)/ Village level Development Plan (VLDP) during reference year,,https://pai.gov.in/MMS/Indicator/Theme-Indicators.aspx?t=8&s=2,2026-09-06T06:50:29Z
PAI 2.0,2023-2024,8,t8_panchayat_with_good_governance,731,Mandatory,ratio,Percentage of activities initiated out of activity planned in Gram Panchayat Development Plan (GPDP) by the Gram Panchayat during the reference year,Total activity initiated from GPDP during the reference year,Total activity planned in GPDP during the reference year,https://pai.gov.in/MMS/Indicator/Theme-Indicators.aspx?t=8&s=2,2026-09-06T06:50:29Z
PAI 2.0,2023-2024,8,t8_panchayat_with_good_governance,732,Mandatory,ratio,Percentage of activities completed out of total activities initiated by the Gram Panchayat during the reference year,Total activity completed during the reference year,Total activity initiated during the reference year,https://pai.gov.in/MMS/Indicator/Theme-Indicators.aspx?t=8&s=2,2026-09-06T06:50:29Z
PAI 2.0,2023-2024,8,t8_panchayat_with_good_governance,733,Mandatory,binary,Whether the Gram Panchayat office is open during official working hours on all working days?,Whether the Gram Panchayat office is open during official working hours on all working days?,,https://pai.gov.in/MMS/Indicator/Theme-Indicators.aspx?t=8&s=2,2026-09-06T06:50:29Z
PAI 2.0,2023-2024,8,t8_panchayat_with_good_governance,739,Mandatory,binary,Whether GP Profile has been updated in eGS Portal during the reference year,Whether GP Profile has been updated in eGS Portal during the reference year,,https://pai.gov.in/MMS/Indicator/Theme-Indicators.aspx?t=8&s=2,2026-09-06T06:50:29Z
PAI 2.0,2023-2024,8,t8_panchayat_with_good_governance,740,Mandatory,binary,Whether QR Code of Meri Panchayat Application has been displayed in the office of Gram Panchayat,Whether QR Code of Meri Panchayat Application has been displayed in the office of Gram Panchayat,,https://pai.gov.in/MMS/Indicator/Theme-Indicators.aspx?t=8&s=2,2026-09-06T06:50:29Z
PAI 2.0,2023-2024,8,t8_panchayat_with_good_governance,757,Mandatory,binary,Whether online payment facility available at Gram Panchayat for receiving taxes/ fees/ dues etc,Whether online payment facility available at Gram Panchayat for receiving taxes/ fees/ dues etc,,https://pai.gov.in/MMS/Indicator/Theme-Indicators.aspx?t=8&s=2,2026-09-06T06:50:29Z
PAI 2.0,2023-2024,9,t9_women_friendly_panchayat,39,Mandatory,ratio,Percentage of births attended by skilled health personnel or institutional delivery (Period 1 year) during reference year,Number of Home Deliveries attended by Skill Birth Attendant (SBA) (Doctor/Nurse/ANM) + Number of Institutional Deliveries conducted (Including C-Sections),Total number of Deliveries Reported (Home - Skill Birth Attendant Skill Birth Attendant (SBA) + Home - Non-SBA + Institutional),https://pai.gov.in/MMS/Indicator/Theme-Indicators.aspx?t=9&s=2,2026-09-06T06:50:29Z
PAI 2.0,2023-2024,9,t9_women_friendly_panchayat,70,Mandatory,ratio,Percentage of Pregnant Women and lactating mothers registered under ICDS out of total Pregnant Women and lactating mothers,Total number of registered Pregnant Women and Lactating Mothers under ICDS,Total number of Pregnant Women and Lactating Mothers,https://pai.gov.in/MMS/Indicator/Theme-Indicators.aspx?t=9&s=2,2026-09-06T06:50:29Z
PAI 2.0,2023-2024,9,t9_women_friendly_panchayat,92,Mandatory,number,Ratio of female-male enrolled in Primary,Ratio of female-male enrolled in Primary,,https://pai.gov.in/MMS/Indicator/Theme-Indicators.aspx?t=9&s=2,2026-09-06T06:50:29Z
PAI 2.0,2023-2024,9,t9_women_friendly_panchayat,93,Mandatory,number,Ratio of female-male enrolled in Upper Primary,Ratio of female-male enrolled in Upper Primary,,https://pai.gov.in/MMS/Indicator/Theme-Indicators.aspx?t=9&s=2,2026-09-06T06:50:29Z
PAI 2.0,2023-2024,9,t9_women_friendly_panchayat,94,Mandatory,number,Ratio of female-male enrolled in Secondary,Ratio of female-male enrolled in Secondary,,https://pai.gov.in/MMS/Indicator/Theme-Indicators.aspx?t=9&s=2,2026-09-06T06:50:29Z
PAI 2.0,2023-2024,9,t9_women_friendly_panchayat,408,Mandatory,ratio,Percentage of women (out of total eligible population) receiving social protection benefits under Pradhan Mantri matri Vandana Yojana (PMMVY),Total number of women beneficiaries receiving social protection benefits under Pradhan Mantri Vandana Yojana (PMMVY) during the reference year,Total number of women beneficiaries enrolled under Pradhan Mantri Vandana Yojana (PMMVY) during the reference year,https://pai.gov.in/MMS/Indicator/Theme-Indicators.aspx?t=9&s=2,2026-09-06T06:50:29Z
PAI 2.0,2023-2024,9,t9_women_friendly_panchayat,430,Mandatory,ratio,Sex ratio at birth,Female Live births during reference year,Male live birth during reference year,https://pai.gov.in/MMS/Indicator/Theme-Indicators.aspx?t=9&s=2,2026-09-06T06:50:29Z
PAI 2.0,2023-2024,9,t9_women_friendly_panchayat,530,Mandatory,binary,Whether Mahila Sabha conducted in Gram Panchayat during reference year,Whether Mahila Sabha conducted in Gram Panchayat during reference year,,https://pai.gov.in/MMS/Indicator/Theme-Indicators.aspx?t=9&s=2,2026-09-06T06:50:29Z
PAI 2.0,2023-2024,9,t9_women_friendly_panchayat,541,Mandatory,ratio,Percentage of girl children aged under 5 years who are underweight under Saksham Anganwadi and Mission Poshan 2.0,Total underweight girl children under 5 Years registered in Poshan Tracker under Saksham Anganwadi and Mission Poshan 2.0,Total number of children under 5 Years registered in Poshan Tracker under Saksham Anganwadi and Mission Poshan 2.0 (Age as on 31st March 2024),https://pai.gov.in/MMS/Indicator/Theme-Indicators.aspx?t=9&s=2,2026-09-06T06:50:29Z
PAI 2.0,2023-2024,9,t9_women_friendly_panchayat,544,Optional,ratio,Percentage of girl Children under 5 years who are anemic (<11.0g/dl) (Age as on 31st March 2024),Total number of Girl Children aged under 5 years who are anemic (Age as on 31st March 2024),Total number of girl children under 5 years age in Gram Panchayat (Age as on 31st March 2024),https://pai.gov.in/MMS/Indicator/Theme-Indicators.aspx?t=9&s=2,2026-09-06T06:50:29Z
PAI 2.0,2023-2024,9,t9_women_friendly_panchayat,550,Mandatory,ratio,Percentage of maternal death to live birth during the reference year,Total Maternal Deaths during the reference year,Total live birth in Gram Panchayat during the reference year( as on 31st March),https://pai.gov.in/MMS/Indicator/Theme-Indicators.aspx?t=9&s=2,2026-09-06T06:50:29Z
PAI 2.0,2023-2024,9,t9_women_friendly_panchayat,556,Mandatory,ratio,Girls transition rate Primary to Upper Primary,Fresh enrolment in class 6th of Girl Children in the present year 2023- 24,Class 5th enrolment of Girl Children in the previous year (22-23),https://pai.gov.in/MMS/Indicator/Theme-Indicators.aspx?t=9&s=2,2026-09-06T06:50:29Z
PAI 2.0,2023-2024,9,t9_women_friendly_panchayat,557,Mandatory,ratio,Girls transition rate Upper Primary to Secondary,Fresh enrolment in class 9th of Girl Children in the present year 2023- 24,Class 8th enrolment of Girl Children in the previous year (22-23),https://pai.gov.in/MMS/Indicator/Theme-Indicators.aspx?t=9&s=2,2026-09-06T06:50:29Z
PAI 2.0,2023-2024,9,t9_women_friendly_panchayat,566,Mandatory,ratio,Percentage of Self Help Group (SHGs) accessed Bank Loans in the reference year,Total number of Self Help Group (SHGs) accessed bank loans in the reference year,Total number of Self Help Group (SHGs) in Gram Panchayat,https://pai.gov.in/MMS/Indicator/Theme-Indicators.aspx?t=9&s=2,2026-09-06T06:50:29Z
PAI 2.0,2023-2024,9,t9_women_friendly_panchayat,574,Mandatory,ratio,Percentage of Women Participation in Gram Sabha during reference year,Total number of women who participated in the Gram Sabha during reference year,Total number of women in the Gram Panchayat,https://pai.gov.in/MMS/Indicator/Theme-Indicators.aspx?t=9&s=2,2026-09-06T06:50:29Z
PAI 2.0,2023-2024,9,t9_women_friendly_panchayat,577,Mandatory,binary,Whether crime against Women were reported from Gram Panchayat during reference year,Whether crime against Women were reported from Gram Panchayat during reference year,,https://pai.gov.in/MMS/Indicator/Theme-Indicators.aspx?t=9&s=2,2026-09-06T06:50:29Z
PAI 2.0,2023-2024,9,t9_women_friendly_panchayat,690,Mandatory,ratio,Percentage of Eligible Widow receiving Pensions under any State Specific scheme in the Gram Panchayat,Total number of Widow receiving pension under Widow Pension Schemes of State Government,Total number of Eligible Widow for Widow Pension Scheme of State Government,https://pai.gov.in/MMS/Indicator/Theme-Indicators.aspx?t=9&s=2,2026-09-06T06:50:29Z
PAI 2.0,2023-2024,9,t9_women_friendly_panchayat,691,Mandatory,ratio,Percentage of Eligible Widow receiving Pensions under INDIRA GANDHI NATIONAL WIDOW PENSION SCHEME (IGNWPS) of Central Government in the Gram Panchayat,Total number of Widow receiving under Widow Pension Schemes of INDIRA GANDHI NATIONAL WIDOW PENSION SCHEME (IGNWPS) of Central Government in the Gram Panchayat,Total number of Eligible Widow INDIRA GANDHI NATIONAL WIDOW PENSION SCHEME (IGNWPS) of Central Government,https://pai.gov.in/MMS/Indicator/Theme-Indicators.aspx?t=9&s=2,2026-09-06T06:50:29Z
PAI 2.0,2023-2024,9,t9_women_friendly_panchayat,714,Mandatory,binary,Whether Gram Panchayat has created awareness against Child Marriage during reference year,Whether Gram Panchayat has created awareness against Child Marriage during reference year,,https://pai.gov.in/MMS/Indicator/Theme-Indicators.aspx?t=9&s=2,2026-09-06T06:50:29Z
PAI 2.0,2023-2024,9,t9_women_friendly_panchayat,716,Mandatory,binary,Whether Gram Panchayat organized awareness program on Women Help Line during reference year,Whether Gram Panchayat organised awareness program on Women Help Line during reference year,,https://pai.gov.in/MMS/Indicator/Theme-Indicators.aspx?t=9&s=2,2026-09-06T06:50:29Z
PAI 2.0,2023-2024,9,t9_women_friendly_panchayat,728,Mandatory,ratio,Women Participation rate under Mahatma Gandhi NREGS,Total number of Women person days generated,Total number of Person days generated under Mahatma Gandhi NREGS,https://pai.gov.in/MMS/Indicator/Theme-Indicators.aspx?t=9&s=2,2026-09-06T06:50:29Z
